-- ALTER TABLE tbl AUTO_INCREMENT = 1;


-- MySQL dump 10.13  Distrib 5.5.8, for Win32 (x86)
--
-- Host: localhost    Database: hort
-- ------------------------------------------------------
-- Server version	5.5.8

/*!40101 SET @OLD_CHARACTER_SET_CLIENT=@@CHARACTER_SET_CLIENT */;
/*!40101 SET @OLD_CHARACTER_SET_RESULTS=@@CHARACTER_SET_RESULTS */;
/*!40101 SET @OLD_COLLATION_CONNECTION=@@COLLATION_CONNECTION */;
/*!40101 SET NAMES utf8 */;
/*!40103 SET @OLD_TIME_ZONE=@@TIME_ZONE */;
/*!40103 SET TIME_ZONE='+00:00' */;
/*!40014 SET @OLD_UNIQUE_CHECKS=@@UNIQUE_CHECKS, UNIQUE_CHECKS=0 */;
/*!40014 SET @OLD_FOREIGN_KEY_CHECKS=@@FOREIGN_KEY_CHECKS, FOREIGN_KEY_CHECKS=0 */;
/*!40101 SET @OLD_SQL_MODE=@@SQL_MODE, SQL_MODE='NO_AUTO_VALUE_ON_ZERO' */;
/*!40111 SET @OLD_SQL_NOTES=@@SQL_NOTES, SQL_NOTES=0 */;

--
-- Dumping data for table `compatibilitat_vegetals`
--

-- LOCK TABLES `compatibilitat_vegetals` WRITE;
-- /*!40000 ALTER TABLE `compatibilitat_vegetals` DISABLE KEYS */;
-- INSERT INTO `compatibilitat_vegetals` (`id`, `vegetal_a_id`, `vegetal_b_id`, `compatibilitat`, `created_at`, `updated_at`) VALUES (1,17,1,50,'2010-12-12 17:43:19','2010-12-12 17:43:19'),(2,17,4,50,'2010-12-12 17:43:39','2010-12-12 17:43:39'),(3,17,18,50,'2010-12-12 17:45:41','2010-12-12 17:45:41'),(4,17,5,50,'2010-12-12 17:46:04','2010-12-12 17:46:04'),(5,17,7,50,'2010-12-12 17:47:34','2010-12-12 17:47:34'),(6,17,8,50,'2010-12-12 17:47:55','2010-12-12 17:47:55'),(7,17,26,50,'2010-12-12 17:48:11','2010-12-12 17:48:11'),(8,17,28,75,'2010-12-12 17:48:31','2010-12-12 17:48:31'),(9,17,30,50,'2010-12-12 17:48:50','2010-12-12 17:48:50'),(10,17,19,50,'2010-12-12 17:49:10','2010-12-12 17:49:10'),(11,17,31,50,'2010-12-12 17:51:12','2010-12-12 17:51:12'),(12,17,32,50,'2010-12-12 17:51:30','2010-12-12 17:51:30'),(13,17,9,75,'2010-12-12 17:51:49','2010-12-12 17:51:49'),(14,17,20,50,'2010-12-12 17:52:04','2010-12-12 17:52:04'),(15,17,10,50,'2010-12-12 17:52:25','2010-12-12 17:52:25'),(16,17,11,50,'2010-12-12 17:52:43','2010-12-12 17:52:43'),(17,17,27,50,'2010-12-12 17:52:57','2010-12-12 17:52:57'),(18,17,21,50,'2010-12-12 17:53:14','2010-12-12 17:53:14'),(19,17,12,50,'2010-12-12 17:53:32','2010-12-12 17:53:32'),(20,17,13,75,'2010-12-12 17:53:55','2010-12-12 17:53:55'),(21,17,3,50,'2010-12-12 17:54:15','2010-12-12 17:54:15'),(22,17,22,75,'2010-12-12 17:54:34','2010-12-12 17:54:34'),(23,17,23,50,'2010-12-12 17:54:50','2010-12-12 17:54:50'),(24,17,15,50,'2010-12-12 17:55:06','2010-12-12 17:55:06'),(25,17,16,75,'2010-12-12 17:55:19','2010-12-12 17:55:19'),(26,17,25,75,'2010-12-12 17:55:36','2010-12-12 17:55:36'),(27,1,17,50,'2010-12-12 18:00:39','2010-12-12 18:00:39'),(28,1,4,75,'2010-12-12 18:00:52','2010-12-12 18:00:52'),(29,1,18,50,'2010-12-12 18:01:19','2010-12-12 18:01:19'),(30,1,5,75,'2010-12-12 18:01:34','2010-12-12 18:01:34'),(31,1,7,50,'2010-12-12 18:01:51','2010-12-12 18:01:51'),(32,1,8,50,'2010-12-12 18:01:59','2010-12-12 18:01:59'),(33,1,26,50,'2010-12-12 18:02:17','2010-12-12 18:02:17'),(34,1,28,0,'2010-12-12 18:02:34','2010-12-12 18:02:34'),(35,1,30,75,'2010-12-12 18:02:54','2010-12-12 18:02:54'),(36,1,19,50,'2010-12-12 18:03:04','2010-12-12 18:03:04'),(37,1,31,0,'2010-12-12 18:03:20','2010-12-12 18:03:20'),(38,1,32,0,'2010-12-12 18:03:27','2010-12-12 18:03:27'),(39,1,9,0,'2010-12-12 18:03:50','2010-12-12 18:03:50'),(40,1,20,100,'2010-12-12 18:04:13','2010-12-12 18:04:13'),(41,1,10,50,'2010-12-12 18:04:23','2010-12-12 18:04:23'),(42,1,11,50,'2010-12-12 18:04:42','2010-12-12 18:04:42'),(43,1,27,50,'2010-12-12 18:04:50','2010-12-12 18:04:50'),(44,1,21,50,'2010-12-12 18:04:59','2010-12-12 18:04:59'),(45,1,12,75,'2010-12-12 18:05:46','2010-12-12 18:05:46'),(46,1,13,100,'2010-12-12 18:06:05','2010-12-12 18:06:05'),(47,1,3,0,'2010-12-12 18:06:29','2010-12-12 18:06:29'),(48,1,22,50,'2010-12-12 18:06:38','2010-12-12 18:06:38'),(49,1,23,75,'2010-12-12 18:07:15','2010-12-12 18:07:15'),(50,1,15,50,'2010-12-12 18:07:24','2010-12-12 18:07:24'),(51,1,16,100,'2010-12-12 18:07:37','2010-12-12 18:07:37'),(52,1,25,75,'2010-12-12 18:07:46','2010-12-12 18:07:46'),(53,4,17,50,'2010-12-12 18:09:30','2010-12-12 18:09:30'),(54,4,1,50,'2010-12-12 18:09:40','2010-12-12 18:09:40'),(55,4,18,50,'2010-12-12 18:09:56','2010-12-12 18:09:56'),(56,4,5,50,'2010-12-12 18:10:13','2010-12-12 18:10:13'),(57,4,7,50,'2010-12-12 18:10:33','2010-12-12 18:10:33'),(58,4,8,50,'2010-12-12 18:10:44','2010-12-12 18:10:44'),(59,4,26,50,'2010-12-12 18:11:02','2010-12-12 18:11:02'),(60,4,28,50,'2010-12-12 18:11:15','2010-12-12 18:11:15'),(61,4,30,50,'2010-12-12 18:11:32','2010-12-12 18:11:32'),(62,4,19,50,'2010-12-12 18:11:46','2010-12-12 18:11:46'),(63,4,31,50,'2010-12-12 18:12:02','2010-12-12 18:12:02'),(64,4,32,50,'2010-12-12 18:12:12','2010-12-12 18:12:12'),(65,4,9,75,'2010-12-12 18:13:20','2010-12-12 18:13:20'),(66,4,20,50,'2010-12-12 18:13:32','2010-12-12 18:13:32'),(67,4,10,50,'2010-12-12 18:13:49','2010-12-12 18:13:49'),(68,4,11,50,'2010-12-12 18:14:01','2010-12-12 18:14:01'),(69,4,27,50,'2010-12-12 18:14:17','2010-12-12 18:14:17'),(70,4,21,50,'2010-12-12 18:14:33','2010-12-12 18:14:33'),(71,4,12,75,'2010-12-12 18:15:13','2010-12-12 18:15:13'),(72,4,13,75,'2010-12-12 18:15:35','2010-12-12 18:15:35'),(73,4,3,50,'2010-12-12 18:15:52','2010-12-12 18:15:52'),(74,4,22,50,'2010-12-12 18:16:13','2010-12-12 18:16:13'),(75,4,23,50,'2010-12-12 18:17:44','2010-12-12 18:17:44'),(76,4,15,50,'2010-12-12 18:17:58','2010-12-12 18:17:58'),(77,4,16,75,'2010-12-12 18:18:12','2010-12-12 18:18:12'),(78,4,25,50,'2010-12-12 18:18:24','2010-12-12 18:18:24'),(79,18,17,50,'2010-12-12 18:18:45','2010-12-12 18:18:45'),(80,18,1,50,'2010-12-12 18:18:58','2010-12-12 18:18:58'),(81,18,4,50,'2010-12-12 18:19:11','2010-12-12 18:19:11'),(82,18,5,75,'2010-12-12 18:19:24','2010-12-12 18:19:24'),(83,18,7,50,'2010-12-12 18:19:41','2010-12-12 18:19:41'),(84,18,8,50,'2010-12-12 18:19:50','2010-12-12 18:19:50'),(85,18,26,50,'2010-12-12 18:20:05','2010-12-12 18:20:05'),(86,18,28,100,'2010-12-12 18:20:21','2010-12-12 18:20:21'),(87,18,30,50,'2010-12-12 18:20:45','2010-12-12 18:20:45'),(88,18,19,75,'2010-12-12 18:20:57','2010-12-12 18:20:57'),(89,18,31,50,'2010-12-12 18:21:16','2010-12-12 18:21:16'),(90,18,32,50,'2010-12-12 18:21:25','2010-12-12 18:21:25'),(91,18,9,100,'2010-12-12 18:23:48','2010-12-12 18:23:48'),(92,18,20,50,'2010-12-12 18:24:03','2010-12-12 18:24:03'),(93,18,10,50,'2010-12-12 18:24:17','2010-12-12 18:24:17'),(94,18,11,50,'2010-12-12 18:24:27','2010-12-12 18:24:27'),(95,18,27,50,'2010-12-12 18:33:27','2010-12-12 18:33:27'),(96,18,21,0,'2010-12-12 18:33:43','2010-12-12 18:33:43'),(97,18,12,75,'2010-12-12 18:34:03','2010-12-12 18:34:03'),(98,18,13,50,'2010-12-12 18:34:16','2010-12-12 18:34:16'),(99,18,3,100,'2010-12-12 18:34:36','2010-12-12 18:34:36'),(100,18,22,75,'2010-12-12 18:34:50','2010-12-12 18:34:50'),(101,18,23,50,'2010-12-12 18:35:07','2010-12-12 18:35:07'),(102,18,15,50,'2010-12-12 18:35:23','2010-12-12 18:35:23'),(103,18,16,100,'2010-12-12 18:35:36','2010-12-12 18:35:36'),(104,18,25,0,'2010-12-12 18:35:48','2010-12-12 18:35:48'),(105,5,17,50,'2010-12-12 18:36:18','2010-12-12 18:36:18'),(106,5,1,75,'2010-12-12 18:36:27','2010-12-12 18:36:27'),(107,5,4,50,'2010-12-12 18:36:51','2010-12-12 18:36:51'),(108,5,18,75,'2010-12-12 18:37:05','2010-12-12 18:37:05'),(109,5,7,50,'2010-12-12 18:37:22','2010-12-12 18:37:22'),(110,5,8,50,'2010-12-12 18:37:32','2010-12-12 18:37:32'),(111,5,26,75,'2010-12-12 18:37:47','2010-12-12 18:37:47'),(112,5,28,75,'2010-12-12 18:37:58','2010-12-12 18:37:58'),(113,5,30,75,'2010-12-12 18:38:10','2010-12-12 18:38:10'),(114,5,19,75,'2010-12-12 18:38:23','2010-12-12 18:38:23'),(115,5,31,50,'2010-12-12 18:38:41','2010-12-12 18:38:41'),(116,5,32,50,'2010-12-12 18:38:52','2010-12-12 18:38:52'),(117,5,9,75,'2010-12-12 18:39:06','2010-12-12 18:39:06'),(118,5,20,75,'2010-12-12 18:39:19','2010-12-12 18:39:19'),(119,5,10,50,'2010-12-12 18:39:35','2010-12-12 18:39:35'),(120,5,11,50,'2010-12-12 18:39:50','2010-12-12 18:39:50'),(121,5,27,50,'2010-12-12 18:40:01','2010-12-12 18:40:01'),(122,5,21,75,'2010-12-12 18:40:18','2010-12-12 18:40:18'),(123,5,12,0,'2010-12-12 18:40:30','2010-12-12 18:40:30'),(124,5,13,50,'2010-12-12 18:40:53','2010-12-12 18:40:53'),(125,5,3,75,'2010-12-12 18:41:05','2010-12-12 18:41:05'),(126,5,22,75,'2010-12-12 18:41:19','2010-12-12 18:41:19'),(127,5,23,50,'2010-12-12 18:41:37','2010-12-12 18:41:37'),(128,5,15,50,'2010-12-12 18:41:50','2010-12-12 18:41:50'),(129,5,16,50,'2010-12-12 18:42:02','2010-12-12 18:42:02'),(130,5,25,75,'2010-12-12 18:42:16','2010-12-12 18:42:16'),(131,7,17,50,'2010-12-12 18:42:38','2010-12-12 18:42:38'),(132,7,1,50,'2010-12-12 18:42:45','2010-12-12 18:42:45'),(133,7,4,50,'2010-12-12 18:42:59','2010-12-12 18:42:59'),(134,7,18,50,'2010-12-12 18:43:09','2010-12-12 18:43:09'),(135,7,5,50,'2010-12-12 18:43:24','2010-12-12 18:43:24'),(136,7,8,50,'2010-12-12 18:43:33','2010-12-12 18:43:33'),(137,7,26,50,'2010-12-12 18:43:49','2010-12-12 18:43:49'),(138,7,28,50,'2010-12-12 18:43:57','2010-12-12 18:43:57'),(139,7,30,50,'2010-12-12 18:44:11','2010-12-12 18:44:11'),(140,7,19,50,'2010-12-12 18:44:23','2010-12-12 18:44:23'),(141,7,31,75,'2010-12-12 18:44:37','2010-12-12 18:44:37'),(142,7,32,50,'2010-12-12 18:44:47','2010-12-12 18:44:47'),(143,7,9,75,'2010-12-12 18:45:00','2010-12-12 18:45:00'),(144,7,20,75,'2010-12-12 18:45:10','2010-12-12 18:45:10'),(145,7,10,50,'2010-12-12 18:45:24','2010-12-12 18:45:24'),(146,7,11,50,'2010-12-12 18:45:35','2010-12-12 18:45:35'),(147,7,27,50,'2010-12-12 18:45:46','2010-12-12 18:45:46'),(148,7,21,75,'2010-12-12 18:45:56','2010-12-12 18:45:56'),(149,7,12,50,'2010-12-12 18:46:18','2010-12-12 18:46:18'),(150,7,13,50,'2010-12-12 18:46:31','2010-12-12 18:46:31'),(151,7,3,50,'2010-12-12 18:46:43','2010-12-12 18:46:43'),(152,7,22,50,'2010-12-12 18:46:53','2010-12-12 18:46:53'),(153,7,23,50,'2010-12-12 18:47:10','2010-12-12 18:47:10'),(154,7,15,50,'2010-12-12 18:47:22','2010-12-12 18:47:22'),(155,7,16,50,'2010-12-12 18:47:33','2010-12-12 18:47:33'),(156,7,25,50,'2010-12-12 18:47:42','2010-12-12 18:47:42'),(157,8,17,50,'2010-12-12 18:48:10','2010-12-12 18:48:10'),(158,8,1,50,'2010-12-12 18:48:18','2010-12-12 18:48:18'),(159,8,4,50,'2010-12-12 18:48:28','2010-12-12 18:48:28'),(160,8,18,50,'2010-12-12 18:48:37','2010-12-12 18:48:37'),(161,8,5,50,'2010-12-12 18:48:54','2010-12-12 18:48:54'),(162,8,7,50,'2010-12-12 18:49:03','2010-12-12 18:49:03'),(163,8,26,50,'2010-12-12 18:49:16','2010-12-12 18:49:16'),(164,8,28,75,'2010-12-12 18:49:28','2010-12-12 18:49:28'),(165,8,30,50,'2010-12-12 18:49:43','2010-12-12 18:49:43'),(166,8,19,50,'2010-12-12 18:49:53','2010-12-12 18:49:53'),(167,8,31,50,'2010-12-12 18:50:11','2010-12-12 18:50:11'),(168,8,32,50,'2010-12-12 18:50:20','2010-12-12 18:50:20'),(169,8,9,75,'2010-12-12 18:50:33','2010-12-12 18:50:33'),(170,8,20,75,'2010-12-12 18:50:46','2010-12-12 18:50:46'),(171,8,10,75,'2010-12-12 18:50:58','2010-12-12 18:50:58'),(172,8,11,50,'2010-12-12 18:51:17','2010-12-12 18:51:17'),(173,8,27,50,'2010-12-12 18:51:26','2010-12-12 18:51:26'),(174,8,21,0,'2010-12-12 18:51:36','2010-12-12 18:51:36'),(175,8,12,50,'2010-12-12 18:51:51','2010-12-12 18:51:51'),(176,8,13,50,'2010-12-12 18:52:08','2010-12-12 18:52:08'),(177,8,3,50,'2010-12-12 18:52:32','2010-12-12 18:52:32'),(178,8,22,50,'2010-12-12 18:52:43','2010-12-12 18:52:43'),(179,8,23,50,'2010-12-12 18:52:53','2010-12-12 18:52:53'),(180,8,15,50,'2010-12-12 18:53:07','2010-12-12 18:53:07'),(181,8,16,50,'2010-12-12 18:53:23','2010-12-12 18:53:23'),(182,8,25,50,'2010-12-12 18:53:32','2010-12-12 18:53:32'),(183,26,17,50,'2010-12-12 18:54:03','2010-12-12 18:54:03'),(184,26,1,50,'2010-12-12 18:54:10','2010-12-12 18:54:10'),(185,26,4,50,'2010-12-12 18:55:45','2010-12-12 18:55:45'),(186,26,18,50,'2010-12-12 18:55:54','2010-12-12 18:55:54'),(187,26,5,75,'2010-12-12 18:56:07','2010-12-12 18:56:07'),(188,26,7,50,'2010-12-12 18:56:44','2010-12-12 18:56:44'),(189,26,8,50,'2010-12-12 18:56:54','2010-12-12 18:56:54'),(190,26,28,75,'2010-12-12 18:57:06','2010-12-12 18:57:06'),(191,26,30,75,'2010-12-12 18:57:23','2010-12-12 18:57:23'),(192,26,19,50,'2010-12-12 18:57:36','2010-12-12 18:57:36'),(193,26,31,0,'2010-12-12 18:57:53','2010-12-12 18:57:53'),(194,26,32,50,'2010-12-12 18:58:03','2010-12-12 18:58:03'),(195,26,9,0,'2010-12-12 18:58:17','2010-12-12 18:58:17'),(196,26,20,100,'2010-12-12 19:00:04','2010-12-12 19:00:04'),(197,26,10,50,'2010-12-12 19:00:17','2010-12-12 19:00:17'),(198,26,11,75,'2010-12-12 19:00:30','2010-12-12 19:00:30'),(199,26,27,50,'2010-12-12 19:00:49','2010-12-12 19:00:49'),(200,26,21,50,'2010-12-12 19:00:58','2010-12-12 19:00:58'),(201,26,12,100,'2010-12-12 19:01:15','2010-12-12 19:01:15'),(202,26,13,50,'2010-12-12 19:01:28','2010-12-12 19:01:28'),(203,26,3,75,'2010-12-12 19:01:42','2010-12-12 19:01:42'),(204,26,22,50,'2010-12-12 19:02:01','2010-12-12 19:02:01'),(205,26,23,75,'2010-12-12 19:02:12','2010-12-12 19:02:12'),(206,26,15,75,'2010-12-12 19:02:23','2010-12-12 19:02:23'),(207,26,16,100,'2010-12-12 19:02:32','2010-12-12 19:02:32'),(208,26,25,100,'2010-12-12 19:02:41','2010-12-12 19:02:41'),(209,28,17,75,'2010-12-12 19:03:01','2010-12-12 19:03:01'),(210,28,1,0,'2010-12-12 19:03:11','2010-12-12 19:03:11'),(211,28,4,50,'2010-12-12 19:03:23','2010-12-12 19:03:23'),(212,28,18,100,'2010-12-12 19:03:34','2010-12-12 19:03:34'),(213,28,5,75,'2010-12-12 19:05:27','2010-12-12 19:05:27'),(214,28,7,50,'2010-12-12 19:05:51','2010-12-12 19:05:51'),(215,28,8,75,'2010-12-12 19:06:00','2010-12-12 19:06:00'),(216,28,26,75,'2010-12-12 19:06:09','2010-12-12 19:06:09'),(217,28,30,75,'2010-12-12 19:06:27','2010-12-12 19:06:27'),(218,28,19,100,'2010-12-12 19:06:40','2010-12-12 19:06:40'),(219,28,31,75,'2010-12-12 19:06:53','2010-12-12 19:06:53'),(220,28,32,50,'2010-12-12 19:07:02','2010-12-12 19:07:02'),(221,28,9,75,'2010-12-12 19:07:20','2010-12-12 19:07:20'),(222,28,20,100,'2010-12-12 19:07:28','2010-12-12 19:07:28'),(223,28,10,50,'2010-12-12 19:07:42','2010-12-12 19:07:42'),(224,28,11,50,'2010-12-12 19:07:52','2010-12-12 19:07:52'),(225,28,27,75,'2010-12-12 19:08:02','2010-12-12 19:08:02'),(226,28,21,100,'2010-12-12 19:08:13','2010-12-12 19:08:13'),(227,28,12,75,'2010-12-12 19:08:30','2010-12-12 19:08:30'),(228,28,13,100,'2010-12-12 19:08:48','2010-12-12 19:08:48'),(229,28,3,75,'2010-12-12 19:09:05','2010-12-12 19:09:05'),(230,28,22,50,'2010-12-12 19:09:21','2010-12-12 19:09:21'),(231,28,23,100,'2010-12-12 19:09:32','2010-12-12 19:09:32'),(232,28,15,50,'2010-12-12 19:09:43','2010-12-12 19:09:43'),(233,28,16,75,'2010-12-12 19:09:51','2010-12-12 19:09:51'),(234,28,25,75,'2010-12-12 19:10:00','2010-12-12 19:10:00'),(235,30,17,50,'2010-12-12 19:10:25','2010-12-12 19:10:25'),(236,30,1,75,'2010-12-12 19:18:01','2010-12-12 19:18:01'),(237,30,4,50,'2010-12-12 19:28:45','2010-12-12 19:28:45'),(238,30,18,50,'2010-12-12 19:28:55','2010-12-12 19:28:55'),(239,30,5,75,'2010-12-12 19:29:11','2010-12-12 19:29:11'),(240,30,7,50,'2010-12-12 19:29:28','2010-12-12 19:29:28'),(241,30,8,50,'2010-12-12 19:29:36','2010-12-12 19:29:36'),(242,30,26,75,'2010-12-12 19:29:46','2010-12-12 19:29:46'),(243,30,28,75,'2010-12-12 19:29:53','2010-12-12 19:29:53'),(244,30,19,75,'2010-12-12 19:30:15','2010-12-12 19:30:15'),(245,30,31,50,'2010-12-12 19:30:35','2010-12-12 19:30:35'),(246,30,32,50,'2010-12-12 19:30:43','2010-12-12 19:30:43'),(247,30,9,50,'2010-12-12 19:31:00','2010-12-12 19:31:00'),(248,30,20,50,'2010-12-12 19:31:08','2010-12-12 19:31:08'),(249,30,10,50,'2010-12-12 19:31:18','2010-12-12 19:31:18'),(250,30,11,50,'2010-12-12 19:31:28','2010-12-12 19:31:28'),(251,30,27,50,'2010-12-12 19:31:45','2010-12-12 19:31:45'),(252,30,21,50,'2010-12-12 19:31:55','2010-12-12 19:31:55'),(253,30,12,50,'2010-12-12 19:32:08','2010-12-12 19:32:08'),(254,30,13,50,'2010-12-12 19:32:20','2010-12-12 19:32:20'),(255,30,3,75,'2010-12-12 19:32:36','2010-12-12 19:32:36'),(256,30,22,50,'2010-12-12 19:32:56','2010-12-12 19:32:56'),(257,30,23,50,'2010-12-12 19:33:05','2010-12-12 19:33:05'),(258,30,15,50,'2010-12-12 19:33:16','2010-12-12 19:33:16'),(259,30,16,50,'2010-12-12 19:33:26','2010-12-12 19:33:26'),(260,30,25,50,'2010-12-12 19:33:34','2010-12-12 19:33:34'),(261,19,17,50,'2010-12-12 19:34:01','2010-12-12 19:34:01'),(262,19,1,50,'2010-12-12 19:34:07','2010-12-12 19:34:07'),(263,19,4,50,'2010-12-12 19:36:04','2010-12-12 19:36:04'),(264,19,18,75,'2010-12-12 19:36:17','2010-12-12 19:36:17'),(265,19,5,75,'2010-12-12 19:36:29','2010-12-12 19:36:29'),(266,19,7,50,'2010-12-12 19:36:51','2010-12-12 19:36:51'),(267,19,8,50,'2010-12-12 19:37:00','2010-12-12 19:37:00'),(268,19,26,50,'2010-12-12 19:37:09','2010-12-12 19:37:09'),(269,19,28,100,'2010-12-12 19:37:29','2010-12-12 19:37:29'),(270,19,30,75,'2010-12-12 19:37:40','2010-12-12 19:37:40'),(271,19,31,75,'2010-12-12 19:37:56','2010-12-12 19:37:56'),(272,19,32,75,'2010-12-12 19:38:04','2010-12-12 19:38:04'),(273,19,9,75,'2010-12-12 19:38:15','2010-12-12 19:38:15'),(274,19,20,75,'2010-12-12 19:38:24','2010-12-12 19:38:24'),(275,19,10,50,'2010-12-12 19:38:59','2010-12-12 19:38:59'),(276,19,11,50,'2010-12-12 19:39:12','2010-12-12 19:39:12'),(277,19,27,50,'2010-12-12 19:39:30','2010-12-12 19:39:30'),(278,19,21,50,'2010-12-12 19:39:43','2010-12-12 19:39:43'),(279,19,12,50,'2010-12-12 19:39:53','2010-12-12 19:39:53'),(280,19,13,50,'2010-12-12 19:40:09','2010-12-12 19:40:09'),(281,19,3,50,'2010-12-12 19:40:30','2010-12-12 19:40:30'),(282,19,22,100,'2010-12-12 19:40:51','2010-12-12 19:40:51'),(283,19,23,50,'2010-12-12 19:41:01','2010-12-12 19:41:01'),(284,19,15,50,'2010-12-12 19:41:16','2010-12-12 19:41:16'),(285,19,16,75,'2010-12-12 19:41:32','2010-12-12 19:41:32'),(286,19,25,50,'2010-12-12 19:41:43','2010-12-12 19:41:43'),(287,31,17,50,'2010-12-18 20:05:11','2010-12-18 20:05:11'),(288,31,1,0,'2010-12-18 20:05:39','2010-12-18 20:05:39'),(289,31,4,50,'2010-12-18 20:06:00','2010-12-18 20:06:00'),(290,31,18,50,'2010-12-18 20:06:11','2010-12-18 20:06:11'),(291,31,5,50,'2010-12-18 20:06:33','2010-12-18 20:06:33'),(292,31,7,75,'2010-12-18 20:07:09','2010-12-18 20:07:09'),(293,31,8,50,'2010-12-18 20:07:24','2010-12-18 20:07:24'),(294,31,26,0,'2010-12-18 20:07:45','2010-12-18 20:07:45'),(295,31,28,75,'2010-12-18 20:08:01','2010-12-18 20:08:01'),(296,31,30,50,'2010-12-18 20:09:20','2010-12-18 20:09:20'),(297,31,19,75,'2010-12-18 20:09:58','2010-12-18 20:09:58'),(298,31,32,50,'2010-12-18 20:10:48','2010-12-18 20:10:48'),(299,31,9,0,'2010-12-18 20:11:05','2010-12-18 20:11:05'),(300,31,20,75,'2010-12-18 20:11:25','2010-12-18 20:15:05'),(301,31,10,75,'2010-12-18 20:11:35','2010-12-18 20:14:49'),(302,31,11,75,'2010-12-18 20:15:28','2010-12-18 20:15:28'),(303,31,27,75,'2010-12-18 20:15:46','2010-12-18 20:15:46'),(304,31,21,50,'2010-12-18 20:17:00','2010-12-18 20:17:00'),(305,31,12,100,'2010-12-18 20:17:12','2010-12-18 20:17:12'),(306,31,13,75,'2010-12-18 20:17:33','2010-12-18 20:17:33'),(307,31,3,0,'2010-12-18 20:17:49','2010-12-18 20:17:49'),(308,31,22,75,'2010-12-18 20:19:57','2010-12-18 20:19:57'),(309,31,23,50,'2010-12-18 20:20:26','2010-12-18 20:20:26'),(310,31,15,75,'2010-12-18 20:21:12','2010-12-18 20:21:12'),(311,31,16,75,'2010-12-18 20:21:48','2010-12-18 20:21:48'),(312,31,25,100,'2010-12-18 20:22:58','2010-12-18 20:22:58'),(313,32,17,50,'2010-12-18 20:24:23','2010-12-18 20:24:23'),(314,32,1,0,'2010-12-18 20:41:19','2010-12-18 20:41:19'),(315,32,4,50,'2010-12-18 20:41:41','2010-12-18 20:41:41'),(316,32,18,50,'2010-12-18 20:41:54','2010-12-18 20:41:54'),(317,32,5,50,'2010-12-18 20:42:07','2010-12-18 20:42:07'),(318,32,7,50,'2010-12-18 20:42:30','2010-12-18 20:42:30'),(319,32,8,50,'2010-12-18 20:42:40','2010-12-18 20:42:40'),(320,32,26,50,'2010-12-18 20:42:50','2010-12-18 20:42:50'),(321,32,28,50,'2010-12-18 20:44:05','2010-12-18 20:44:05'),(322,32,30,50,'2010-12-18 20:44:22','2010-12-18 20:44:22'),(323,32,19,75,'2010-12-18 20:44:42','2010-12-18 20:44:42'),(324,32,31,50,'2010-12-18 20:45:11','2010-12-18 20:45:11'),(325,32,9,50,'2010-12-18 20:53:21','2010-12-18 20:53:21'),(326,32,20,75,'2010-12-18 20:55:16','2010-12-18 20:55:16'),(327,32,10,75,'2010-12-18 20:55:26','2010-12-18 20:55:26'),(328,32,11,50,'2010-12-18 20:55:50','2010-12-18 20:55:50'),(329,32,27,50,'2010-12-18 20:56:00','2010-12-18 20:56:00'),(330,32,21,100,'2010-12-18 20:56:28','2010-12-18 20:56:28'),(331,32,12,50,'2010-12-18 20:57:29','2010-12-18 20:57:29'),(332,32,13,50,'2010-12-18 20:57:40','2010-12-18 20:57:40'),(333,32,3,0,'2010-12-18 21:09:40','2010-12-18 21:09:40'),(334,32,22,50,'2010-12-18 21:09:59','2010-12-18 21:09:59'),(335,32,23,50,'2010-12-18 21:10:09','2010-12-18 21:10:09'),(336,32,15,50,'2010-12-18 21:10:28','2010-12-18 21:10:28'),(337,32,16,50,'2010-12-18 21:10:42','2010-12-18 21:10:42'),(338,32,25,50,'2010-12-18 21:10:52','2010-12-18 21:10:52'),(339,9,17,75,'2010-12-18 21:11:19','2010-12-18 21:11:19'),(340,9,1,0,'2010-12-18 21:13:57','2010-12-18 21:13:57'),(341,9,4,75,'2010-12-18 21:14:16','2010-12-18 21:14:16'),(342,9,5,75,'2010-12-18 21:14:31','2010-12-18 21:14:31'),(343,9,18,100,'2010-12-18 21:14:49','2010-12-18 21:14:49'),(344,9,7,75,'2010-12-18 21:15:07','2010-12-18 21:15:07'),(345,9,8,75,'2010-12-18 21:15:19','2010-12-18 21:15:19'),(346,9,26,0,'2010-12-18 21:15:36','2010-12-18 21:15:36'),(347,9,28,75,'2010-12-18 21:15:50','2010-12-18 21:15:50'),(348,9,30,50,'2010-12-18 21:16:15','2010-12-18 21:16:15'),(349,9,19,75,'2010-12-18 21:17:27','2010-12-18 21:17:27'),(350,9,31,0,'2010-12-18 21:17:50','2010-12-18 21:17:50'),(351,9,32,0,'2010-12-18 21:18:08','2010-12-18 21:18:08'),(352,9,20,75,'2010-12-18 21:18:39','2010-12-18 21:18:39'),(353,9,10,100,'2010-12-18 21:18:58','2010-12-18 21:18:58'),(354,9,11,50,'2010-12-18 21:19:14','2010-12-18 21:19:14'),(355,9,27,50,'2010-12-18 21:19:23','2010-12-18 21:19:23'),(356,9,21,75,'2010-12-18 21:19:39','2010-12-18 21:19:39'),(357,9,13,75,'2010-12-18 21:19:48','2010-12-18 21:19:48'),(358,9,12,100,'2010-12-18 21:20:04','2010-12-18 21:20:04'),(359,9,3,0,'2010-12-18 21:21:31','2010-12-18 21:21:31'),(360,9,23,0,'2010-12-18 21:21:43','2010-12-18 21:21:43'),(361,9,22,75,'2010-12-18 21:22:48','2010-12-18 21:22:48'),(362,9,15,50,'2010-12-18 21:23:07','2010-12-18 21:23:07'),(363,9,16,75,'2010-12-18 21:23:24','2010-12-18 21:23:24'),(364,9,25,75,'2010-12-18 21:23:34','2010-12-18 21:23:34'),(365,20,17,50,'2010-12-18 21:23:51','2010-12-18 21:23:51'),(366,20,1,100,'2010-12-18 21:24:10','2010-12-18 21:24:10'),(367,20,4,50,'2010-12-18 21:24:45','2010-12-18 21:24:45'),(368,20,18,50,'2010-12-18 21:24:54','2010-12-18 21:24:54'),(369,20,5,75,'2010-12-18 21:25:15','2010-12-18 21:25:15'),(370,20,7,75,'2010-12-18 21:25:32','2010-12-18 21:25:32'),(371,20,8,75,'2010-12-18 21:25:41','2010-12-18 21:25:41'),(372,20,26,100,'2010-12-18 21:26:06','2010-12-18 21:26:06'),(373,20,28,100,'2010-12-18 21:26:15','2010-12-18 21:26:15'),(374,20,30,50,'2010-12-18 21:26:28','2010-12-18 21:26:28'),(375,20,19,75,'2010-12-18 21:26:46','2010-12-18 21:26:46'),(376,20,31,75,'2010-12-18 21:27:15','2010-12-18 21:27:15'),(377,20,32,75,'2010-12-18 21:27:24','2010-12-18 21:27:24'),(378,20,9,75,'2010-12-18 21:27:34','2010-12-18 21:27:53'),(379,20,10,50,'2010-12-18 21:28:59','2010-12-18 21:28:59'),(380,20,11,75,'2010-12-18 21:29:30','2010-12-18 21:29:30'),(381,20,27,75,'2010-12-18 21:29:39','2010-12-18 21:29:39'),(382,20,21,50,'2010-12-18 21:29:52','2010-12-18 21:29:52'),(383,20,12,100,'2010-12-18 21:30:10','2010-12-18 21:30:10'),(384,20,13,75,'2010-12-18 21:30:26','2010-12-18 21:30:26'),(385,20,3,100,'2010-12-18 21:30:43','2010-12-18 21:30:43'),(386,20,22,100,'2010-12-18 21:30:52','2010-12-18 21:30:52'),(387,20,23,75,'2010-12-18 21:31:15','2010-12-18 21:31:15'),(388,20,15,75,'2010-12-18 21:31:31','2010-12-18 21:31:31'),(389,20,16,100,'2010-12-18 21:31:45','2010-12-18 21:31:45'),(390,20,25,100,'2010-12-18 21:31:55','2010-12-18 21:31:55'),(391,10,17,50,'2010-12-18 21:36:59','2010-12-18 21:36:59'),(392,10,1,50,'2010-12-18 21:37:08','2010-12-18 21:37:08'),(393,10,4,50,'2010-12-18 21:37:26','2010-12-18 21:37:26'),(394,10,18,50,'2010-12-18 21:37:36','2010-12-18 21:37:36'),(395,10,5,50,'2010-12-18 21:37:45','2010-12-18 21:37:45'),(396,10,7,50,'2010-12-18 21:38:02','2010-12-18 21:38:02'),(397,10,8,75,'2010-12-18 21:38:11','2010-12-18 21:38:55'),(398,10,26,50,'2010-12-18 21:39:39','2010-12-18 21:39:39'),(399,10,28,50,'2010-12-18 21:39:51','2010-12-18 21:39:51'),(400,10,30,50,'2010-12-18 21:40:50','2010-12-18 21:40:50'),(401,10,19,50,'2010-12-18 21:41:12','2010-12-18 21:41:12'),(402,10,32,75,'2010-12-18 21:41:21','2010-12-18 21:41:21'),(403,10,31,75,'2010-12-18 21:41:55','2010-12-18 21:41:55'),(404,10,9,100,'2010-12-18 21:42:21','2010-12-18 21:42:21'),(405,10,20,50,'2010-12-18 21:42:35','2010-12-18 21:42:35'),(406,10,11,75,'2010-12-18 21:42:49','2010-12-18 21:42:49'),(407,10,27,50,'2010-12-18 21:43:03','2010-12-18 21:43:03'),(408,10,21,75,'2010-12-18 21:43:18','2010-12-18 21:43:18'),(409,10,12,75,'2010-12-18 21:43:28','2010-12-18 21:43:28'),(410,10,13,50,'2010-12-18 21:43:50','2010-12-18 21:43:50'),(411,10,22,50,'2010-12-18 21:44:02','2010-12-18 21:44:02'),(412,10,3,50,'2010-12-18 21:44:22','2010-12-18 21:44:22'),(413,10,23,50,'2010-12-18 21:44:57','2010-12-18 21:44:57'),(414,10,15,75,'2010-12-18 21:45:15','2010-12-18 21:45:15'),(415,10,16,50,'2010-12-18 21:45:27','2010-12-18 21:45:27'),(416,10,25,50,'2010-12-18 21:45:37','2010-12-18 21:45:37'),(417,11,17,50,'2010-12-18 21:46:10','2010-12-18 21:46:10'),(418,11,1,50,'2010-12-18 21:46:17','2010-12-18 21:46:17'),(419,11,4,50,'2010-12-18 21:46:34','2010-12-18 21:46:34'),(420,11,18,50,'2010-12-18 21:46:43','2010-12-18 21:46:43'),(421,11,5,50,'2010-12-18 21:46:59','2010-12-18 21:46:59'),(422,11,7,50,'2010-12-18 21:47:21','2010-12-18 21:47:21'),(423,11,8,50,'2010-12-18 21:47:39','2010-12-18 21:47:39'),(424,11,26,75,'2010-12-18 21:47:59','2010-12-18 21:47:59'),(425,11,28,50,'2010-12-18 21:48:17','2010-12-18 21:48:17'),(426,11,30,50,'2010-12-18 21:48:26','2010-12-18 21:48:26'),(427,11,19,50,'2010-12-18 21:48:44','2010-12-18 21:48:44'),(428,11,31,75,'2010-12-18 21:49:02','2010-12-18 21:49:02'),(429,11,32,50,'2010-12-18 21:49:20','2010-12-18 21:49:20'),(430,11,9,50,'2010-12-18 21:49:43','2010-12-18 21:49:43'),(431,11,20,75,'2010-12-18 21:50:49','2010-12-18 21:50:49'),(432,11,10,75,'2010-12-18 21:50:58','2010-12-18 21:50:58'),(433,11,27,50,'2010-12-18 21:51:15','2010-12-18 21:51:15'),(434,11,21,50,'2010-12-18 21:51:25','2010-12-18 21:51:25'),(435,11,12,50,'2010-12-18 21:51:44','2010-12-18 21:51:44'),(436,11,13,50,'2010-12-18 21:51:56','2010-12-18 21:51:56'),(437,11,3,50,'2010-12-18 21:52:24','2010-12-18 21:52:24'),(438,11,22,50,'2010-12-18 21:52:33','2010-12-18 21:53:06'),(439,11,23,50,'2010-12-18 21:53:31','2010-12-18 21:53:31'),(440,11,15,50,'2010-12-18 21:53:43','2010-12-18 21:53:43'),(441,11,16,50,'2010-12-18 21:54:03','2010-12-18 21:54:03'),(442,11,25,50,'2010-12-18 21:54:13','2010-12-18 21:54:13'),(443,27,17,50,'2010-12-19 17:34:47','2010-12-19 17:34:47'),(444,27,1,50,'2010-12-19 17:35:09','2010-12-19 17:35:09'),(445,27,4,50,'2010-12-19 17:35:18','2010-12-19 17:35:18'),(446,27,18,50,'2010-12-19 17:35:27','2010-12-19 17:35:27'),(447,27,5,50,'2010-12-19 17:35:36','2010-12-19 17:35:36'),(448,27,7,50,'2010-12-19 17:35:54','2010-12-19 17:35:54'),(449,27,8,50,'2010-12-19 17:36:04','2010-12-19 17:36:04'),(450,27,26,50,'2010-12-19 17:36:13','2010-12-19 17:36:13'),(451,27,28,75,'2010-12-19 17:37:15','2010-12-19 17:37:15'),(452,27,30,50,'2010-12-19 17:37:24','2010-12-19 17:37:24'),(453,27,19,50,'2010-12-19 17:37:32','2010-12-19 17:37:32'),(454,27,31,75,'2010-12-19 17:37:47','2010-12-19 17:37:47'),(455,27,32,50,'2010-12-19 17:38:04','2010-12-19 17:38:04'),(456,27,9,50,'2010-12-19 17:38:15','2010-12-19 17:38:36'),(457,27,20,75,'2010-12-19 17:39:14','2010-12-19 17:39:14'),(458,27,10,50,'2010-12-19 17:39:30','2010-12-19 17:39:30'),(459,27,11,50,'2010-12-19 17:39:39','2010-12-19 17:39:39'),(460,27,21,50,'2010-12-19 17:39:55','2010-12-19 17:39:55'),(461,27,12,75,'2010-12-19 17:40:11','2010-12-19 17:40:11'),(462,27,13,50,'2010-12-19 17:41:16','2010-12-19 17:41:16'),(463,27,3,50,'2010-12-19 17:41:26','2010-12-19 17:41:26'),(464,27,22,0,'2010-12-19 17:41:46','2010-12-19 17:41:46'),(465,27,23,75,'2010-12-19 17:41:59','2010-12-19 17:41:59'),(466,27,15,50,'2010-12-19 17:42:14','2010-12-19 17:42:14'),(467,27,16,50,'2010-12-19 17:42:23','2010-12-19 17:42:23'),(468,27,25,50,'2010-12-19 17:42:32','2010-12-19 17:42:32'),(469,21,17,50,'2010-12-19 17:42:56','2010-12-19 17:42:56'),(470,21,1,50,'2010-12-19 17:43:03','2010-12-19 17:43:03'),(471,21,4,50,'2010-12-19 17:43:14','2010-12-19 17:43:14'),(472,21,18,0,'2010-12-19 17:43:32','2010-12-19 17:43:32'),(473,21,5,75,'2010-12-19 17:43:56','2010-12-19 17:43:56'),(474,21,7,75,'2010-12-19 17:44:06','2010-12-19 17:44:06'),(475,21,8,0,'2010-12-19 17:44:48','2010-12-19 17:44:48'),(476,21,26,50,'2010-12-19 17:45:03','2010-12-19 17:45:03'),(477,21,28,100,'2010-12-19 17:45:17','2010-12-19 17:45:17'),(478,21,30,50,'2010-12-19 17:45:39','2010-12-19 17:45:39'),(479,21,19,50,'2010-12-19 17:45:51','2010-12-19 17:45:51'),(480,21,31,50,'2010-12-19 17:46:01','2010-12-19 17:46:01'),(481,21,32,100,'2010-12-19 17:46:20','2010-12-19 17:46:20'),(482,21,9,75,'2010-12-19 17:46:39','2010-12-19 17:46:39'),(483,21,10,75,'2010-12-19 17:46:48','2010-12-19 17:46:48'),(484,21,20,50,'2010-12-19 17:47:12','2010-12-19 17:47:12'),(485,21,11,50,'2010-12-19 17:47:24','2010-12-19 17:47:24'),(486,21,27,50,'2010-12-19 17:47:33','2010-12-19 17:47:33'),(487,21,12,0,'2010-12-19 17:47:50','2010-12-19 17:47:50'),(488,21,13,0,'2010-12-19 17:47:58','2010-12-19 17:47:58'),(489,21,3,75,'2010-12-19 17:48:15','2010-12-19 17:48:15'),(490,21,22,75,'2010-12-19 17:48:24','2010-12-19 17:48:24'),(491,21,23,50,'2010-12-19 17:48:43','2010-12-19 17:49:01'),(492,21,15,50,'2010-12-19 17:49:27','2010-12-19 17:49:27'),(493,21,16,0,'2010-12-19 17:49:41','2010-12-19 17:49:41'),(494,21,25,75,'2010-12-19 17:49:51','2010-12-19 17:49:51'),(495,12,17,50,'2010-12-19 17:50:07','2010-12-19 17:50:07'),(496,12,1,75,'2010-12-19 17:50:22','2010-12-19 17:50:22'),(497,12,4,75,'2010-12-19 17:50:33','2010-12-19 17:50:33'),(498,12,18,75,'2010-12-19 17:50:44','2010-12-19 17:50:44'),(499,12,5,0,'2010-12-19 17:50:57','2010-12-19 17:50:57'),(500,12,7,50,'2010-12-19 17:52:46','2010-12-19 17:52:46'),(501,12,8,50,'2010-12-19 17:52:56','2010-12-19 17:52:56'),(502,12,26,100,'2010-12-19 17:53:14','2010-12-19 17:53:14'),(503,12,28,75,'2010-12-19 17:53:22','2010-12-19 17:53:22'),(504,12,30,50,'2010-12-19 17:53:38','2010-12-19 17:53:38'),(505,12,19,50,'2010-12-19 17:53:49','2010-12-19 17:53:49'),(506,12,31,100,'2010-12-19 17:54:09','2010-12-19 17:54:09'),(507,12,32,50,'2010-12-19 17:54:23','2010-12-19 17:54:23'),(508,12,9,100,'2010-12-19 17:54:39','2010-12-19 17:54:39'),(509,12,20,100,'2010-12-19 17:54:48','2010-12-19 17:54:48'),(510,12,10,75,'2010-12-19 17:55:06','2010-12-19 17:55:06'),(511,12,27,75,'2010-12-19 17:55:27','2010-12-19 17:55:27'),(512,12,11,50,'2010-12-19 17:55:35','2010-12-19 17:55:35'),(513,12,21,0,'2010-12-19 17:55:48','2010-12-19 17:55:48'),(514,12,13,50,'2010-12-19 17:56:05','2010-12-19 17:56:05'),(515,12,3,50,'2010-12-19 17:56:14','2010-12-19 17:56:14'),(516,12,22,75,'2010-12-19 17:56:31','2010-12-19 17:56:31'),(517,12,23,100,'2010-12-19 17:56:41','2010-12-19 17:56:41'),(518,12,15,50,'2010-12-19 17:56:58','2010-12-19 17:56:58'),(519,12,16,0,'2010-12-19 17:57:19','2010-12-19 17:57:19'),(520,13,17,75,'2010-12-19 17:57:45','2010-12-19 17:57:45'),(521,13,1,100,'2010-12-19 17:57:55','2010-12-19 17:57:55'),(522,13,4,75,'2010-12-19 17:58:13','2010-12-19 17:58:13'),(523,13,18,50,'2010-12-19 17:58:34','2010-12-19 17:58:34'),(524,13,5,50,'2010-12-19 17:58:44','2010-12-19 17:58:44'),(525,13,7,50,'2010-12-19 17:59:05','2010-12-19 17:59:05'),(526,13,8,50,'2010-12-19 17:59:15','2010-12-19 17:59:15'),(527,13,26,50,'2010-12-19 17:59:24','2010-12-19 17:59:24'),(528,13,28,100,'2010-12-19 18:00:19','2010-12-19 18:00:19'),(529,13,30,50,'2010-12-19 18:00:39','2010-12-19 18:00:39'),(530,13,19,75,'2010-12-19 18:00:56','2010-12-19 18:02:14'),(531,13,31,75,'2010-12-19 18:01:07','2010-12-19 18:02:33'),(532,13,32,50,'2010-12-19 18:03:16','2010-12-19 18:03:16'),(533,13,9,75,'2010-12-19 18:03:42','2010-12-19 18:03:42'),(534,13,20,75,'2010-12-19 18:03:54','2010-12-19 18:03:54'),(535,13,10,50,'2010-12-19 18:04:12','2010-12-19 18:04:12'),(536,13,11,50,'2010-12-19 18:04:23','2010-12-19 18:04:23'),(537,13,27,50,'2010-12-19 18:04:31','2010-12-19 18:04:31'),(538,13,21,0,'2010-12-19 18:04:48','2010-12-19 18:04:48'),(539,13,12,50,'2010-12-19 18:05:03','2010-12-19 18:05:03'),(540,13,3,75,'2010-12-19 18:05:21','2010-12-19 18:05:54'),(541,13,22,75,'2010-12-19 18:05:30','2010-12-19 18:06:05'),(542,13,23,50,'2010-12-19 18:06:31','2010-12-19 18:06:31'),(543,13,15,50,'2010-12-19 18:06:41','2010-12-19 18:06:41'),(544,13,16,50,'2010-12-19 18:06:52','2010-12-19 18:06:52'),(545,13,25,50,'2010-12-19 18:07:01','2010-12-19 18:07:01'),(546,3,17,50,'2010-12-19 18:22:59','2010-12-19 18:22:59'),(547,3,1,0,'2010-12-19 18:23:09','2010-12-19 18:23:09'),(548,3,4,50,'2010-12-19 18:23:27','2010-12-19 18:23:27'),(549,3,18,100,'2010-12-19 18:23:37','2010-12-19 18:23:37'),(550,3,5,75,'2010-12-19 18:23:56','2010-12-19 18:23:56'),(551,3,7,50,'2010-12-19 18:32:05','2010-12-19 18:32:05'),(552,3,8,50,'2010-12-19 18:32:13','2010-12-19 18:32:13'),(553,3,26,75,'2010-12-19 18:32:31','2010-12-19 18:32:31'),(554,3,28,75,'2010-12-19 18:32:39','2010-12-19 18:32:39'),(555,3,30,75,'2010-12-19 18:32:56','2010-12-19 18:32:56'),(556,3,19,75,'2010-12-19 18:33:07','2010-12-19 18:33:07'),(557,3,31,0,'2010-12-19 18:33:22','2010-12-19 18:33:22'),(558,3,32,0,'2010-12-19 18:33:30','2010-12-19 18:33:30'),(559,3,9,0,'2010-12-19 18:33:41','2010-12-19 18:33:41'),(560,3,20,100,'2010-12-19 18:33:58','2010-12-19 18:33:58'),(561,3,10,50,'2010-12-19 18:34:18','2010-12-19 18:34:18'),(562,3,11,50,'2010-12-19 18:34:28','2010-12-19 18:34:28'),(563,3,27,50,'2010-12-19 18:34:36','2010-12-19 18:34:36'),(564,3,21,75,'2010-12-19 18:35:02','2010-12-19 18:35:02'),(565,3,12,50,'2010-12-19 18:35:20','2010-12-19 18:35:20'),(566,3,13,75,'2010-12-19 18:35:34','2010-12-19 18:35:34'),(567,3,22,0,'2010-12-19 18:35:49','2010-12-19 18:35:49'),(568,3,23,75,'2010-12-19 18:36:05','2010-12-19 18:36:05'),(569,3,16,75,'2010-12-19 18:36:14','2010-12-19 18:36:14'),(570,3,25,100,'2010-12-19 18:36:41','2010-12-19 18:36:41'),(571,22,17,75,'2010-12-19 18:36:57','2010-12-19 18:36:57'),(572,22,1,50,'2010-12-19 18:37:10','2010-12-19 18:37:10'),(573,22,4,50,'2010-12-19 18:37:19','2010-12-19 18:37:19'),(574,22,18,75,'2010-12-19 18:37:34','2010-12-19 18:37:34'),(575,22,5,75,'2010-12-19 18:37:44','2010-12-19 18:37:44'),(576,22,7,50,'2010-12-19 18:38:08','2010-12-19 18:38:08'),(577,22,8,50,'2010-12-19 18:38:17','2010-12-19 18:38:17'),(578,22,26,50,'2010-12-19 18:38:31','2010-12-19 18:38:31'),(579,22,28,50,'2010-12-19 18:38:39','2010-12-19 18:38:39'),(580,22,32,50,'2010-12-19 18:38:52','2010-12-19 18:38:52'),(581,22,19,100,'2010-12-19 18:39:34','2010-12-19 18:39:34'),(582,22,31,75,'2010-12-19 18:39:49','2010-12-19 18:39:49'),(583,22,9,75,'2010-12-19 18:40:16','2010-12-19 18:40:16'),(584,22,20,100,'2010-12-19 18:40:31','2010-12-19 18:40:31'),(585,22,10,50,'2010-12-19 18:40:47','2010-12-19 18:40:47'),(586,22,11,50,'2010-12-19 18:41:00','2010-12-19 18:41:00'),(587,22,27,0,'2010-12-19 18:41:12','2010-12-19 18:41:12'),(588,22,21,75,'2010-12-19 18:41:31','2010-12-19 18:41:31'),(589,22,12,75,'2010-12-19 18:41:43','2010-12-19 18:41:43'),(590,22,13,75,'2010-12-19 18:41:58','2010-12-19 18:41:58'),(591,22,3,0,'2010-12-19 18:42:12','2010-12-19 18:42:12'),(592,3,15,50,'2010-12-19 18:42:40','2010-12-19 18:42:40'),(593,23,17,50,'2010-12-19 18:43:28','2010-12-19 18:43:50'),(594,23,1,75,'2010-12-19 18:44:15','2010-12-19 18:44:15'),(595,23,4,50,'2010-12-19 18:44:35','2010-12-19 18:44:35'),(596,23,18,50,'2010-12-19 18:44:44','2010-12-19 18:44:44'),(597,23,5,50,'2010-12-19 18:44:54','2010-12-19 18:44:54'),(598,23,7,50,'2010-12-19 18:45:09','2010-12-19 18:45:09'),(599,23,8,50,'2010-12-19 18:45:20','2010-12-19 18:45:20'),(600,23,26,75,'2010-12-19 18:45:32','2010-12-19 18:45:32'),(601,23,28,100,'2010-12-19 18:45:44','2010-12-19 18:45:44'),(602,23,30,50,'2010-12-19 18:46:00','2010-12-19 18:46:00'),(603,23,19,50,'2010-12-19 18:46:09','2010-12-19 18:46:09'),(604,23,31,50,'2010-12-19 18:46:17','2010-12-19 18:46:17'),(605,23,32,50,'2010-12-19 18:46:28','2010-12-19 18:46:28'),(606,23,9,0,'2010-12-19 18:46:42','2010-12-19 18:46:42'),(607,23,20,75,'2010-12-19 18:49:32','2010-12-19 18:49:32'),(608,23,10,50,'2010-12-19 18:49:52','2010-12-19 18:49:52'),(609,23,11,50,'2010-12-19 18:50:03','2010-12-19 18:50:03'),(610,23,27,75,'2010-12-19 18:50:33','2010-12-19 18:50:33'),(611,23,12,100,'2010-12-19 18:51:01','2010-12-19 18:51:01'),(612,23,13,50,'2010-12-19 18:51:17','2010-12-19 18:51:17'),(613,23,22,50,'2010-12-19 18:51:26','2010-12-19 18:51:26'),(614,23,3,75,'2010-12-19 18:51:40','2010-12-19 18:51:40'),(615,23,15,50,'2010-12-19 18:51:54','2010-12-19 18:51:54'),(616,23,16,50,'2010-12-19 18:52:03','2010-12-19 18:52:03'),(617,23,25,50,'2010-12-19 18:52:13','2010-12-19 18:52:13'),(618,15,17,50,'2010-12-19 18:52:32','2010-12-19 18:52:32'),(619,15,1,50,'2010-12-19 18:52:40','2010-12-19 18:52:40'),(620,15,4,50,'2010-12-19 18:52:56','2010-12-19 18:52:56'),(621,15,18,50,'2010-12-19 18:53:04','2010-12-19 18:53:04'),(622,15,5,50,'2010-12-19 18:53:14','2010-12-19 18:53:14'),(623,15,7,50,'2010-12-19 18:53:29','2010-12-19 18:53:29'),(624,15,8,50,'2010-12-19 18:53:38','2010-12-19 18:53:38'),(625,15,26,75,'2010-12-26 20:06:57','2010-12-26 20:06:57'),(626,15,28,50,'2010-12-26 20:07:11','2010-12-26 20:07:26'),(627,15,30,50,'2010-12-26 20:07:48','2010-12-26 20:07:48'),(628,15,19,50,'2010-12-26 20:07:58','2010-12-26 20:07:58'),(629,15,31,75,'2010-12-26 20:08:14','2010-12-26 20:08:14'),(630,15,32,50,'2010-12-26 20:08:31','2010-12-26 20:08:31'),(631,15,9,50,'2010-12-26 20:08:41','2010-12-26 20:08:41'),(632,15,20,75,'2010-12-26 20:09:00','2010-12-26 20:09:00'),(633,15,10,75,'2010-12-26 20:09:09','2010-12-26 20:09:09'),(634,15,11,50,'2010-12-26 20:09:24','2010-12-26 20:09:24'),(635,15,27,50,'2010-12-26 20:09:32','2010-12-26 20:09:32'),(636,15,21,50,'2010-12-26 20:09:47','2010-12-26 20:09:47'),(637,15,12,50,'2010-12-26 20:09:59','2010-12-26 20:09:59'),(638,15,13,50,'2010-12-26 20:10:14','2010-12-26 20:10:14'),(639,15,3,50,'2010-12-26 20:10:25','2010-12-26 20:10:25'),(640,15,22,50,'2010-12-26 20:10:38','2010-12-26 20:10:38'),(641,15,23,50,'2010-12-26 20:10:49','2010-12-26 20:10:49'),(642,15,16,50,'2010-12-26 20:11:02','2010-12-26 20:11:02'),(643,15,25,50,'2010-12-26 20:11:12','2010-12-26 20:11:12'),(644,16,17,75,'2010-12-26 20:11:27','2010-12-26 20:11:27'),(645,16,1,100,'2010-12-26 20:11:54','2010-12-26 20:11:54'),(646,16,4,75,'2010-12-26 20:12:09','2010-12-26 20:12:09'),(647,16,18,100,'2010-12-26 20:12:23','2010-12-26 20:12:23'),(648,16,5,50,'2010-12-26 20:12:40','2010-12-26 20:12:40'),(649,16,7,50,'2010-12-26 20:12:55','2010-12-26 20:12:55'),(650,16,8,50,'2010-12-26 20:13:04','2010-12-26 20:13:04'),(651,16,26,100,'2010-12-26 20:13:17','2010-12-26 20:13:17'),(652,16,28,75,'2010-12-26 20:13:28','2010-12-26 20:13:28'),(653,16,30,50,'2010-12-26 20:13:46','2010-12-26 20:13:46'),(654,16,19,75,'2010-12-26 20:14:00','2010-12-26 20:14:00'),(655,16,31,75,'2010-12-26 20:14:11','2010-12-26 20:14:11'),(656,16,32,50,'2010-12-26 20:14:23','2010-12-26 20:14:23'),(657,16,9,75,'2010-12-26 20:14:36','2010-12-26 20:14:36'),(658,16,20,100,'2010-12-26 20:14:52','2010-12-26 20:14:52'),(659,16,10,50,'2010-12-26 20:15:09','2010-12-26 20:15:09'),(660,16,11,50,'2010-12-26 20:15:22','2010-12-26 20:15:22'),(661,16,27,50,'2010-12-26 20:15:30','2010-12-26 20:15:30'),(662,16,21,0,'2010-12-26 20:15:45','2010-12-26 20:15:45'),(663,16,12,0,'2010-12-26 20:15:53','2010-12-26 20:15:53'),(664,16,13,50,'2010-12-26 20:16:17','2010-12-26 20:16:17'),(665,16,3,75,'2010-12-26 20:16:34','2010-12-26 20:16:34'),(666,16,22,75,'2010-12-26 20:16:44','2010-12-26 20:16:44'),(667,16,23,50,'2010-12-26 20:16:59','2010-12-26 20:16:59'),(668,16,15,50,'2010-12-26 20:17:10','2010-12-26 20:17:10'),(669,16,25,100,'2010-12-26 20:17:22','2010-12-26 20:17:22'),(670,25,17,75,'2010-12-26 20:17:34','2010-12-26 20:17:34'),(671,25,1,75,'2010-12-26 20:17:45','2010-12-26 20:17:45'),(672,25,4,50,'2010-12-26 20:17:58','2010-12-26 20:17:58'),(673,25,18,0,'2010-12-26 20:18:16','2010-12-26 20:18:16'),(674,25,5,75,'2010-12-26 20:18:42','2010-12-26 20:18:42'),(675,25,7,50,'2010-12-26 20:19:03','2010-12-26 20:19:03'),(676,25,8,50,'2010-12-26 20:19:14','2010-12-26 20:19:14'),(677,25,26,100,'2010-12-26 20:19:32','2010-12-26 20:19:32'),(678,25,28,75,'2010-12-26 20:19:45','2010-12-26 20:19:45'),(679,25,30,50,'2010-12-26 20:20:03','2010-12-26 20:20:03'),(680,25,19,50,'2010-12-26 20:20:11','2010-12-26 20:20:11'),(681,25,31,100,'2010-12-26 20:20:27','2010-12-26 20:20:27'),(682,25,32,50,'2010-12-26 20:20:41','2010-12-26 20:20:41'),(683,25,9,75,'2010-12-26 20:20:54','2010-12-26 20:20:54'),(684,25,20,100,'2010-12-26 20:21:05','2010-12-26 20:21:05'),(685,25,10,50,'2010-12-26 20:21:22','2010-12-26 20:21:22'),(686,25,11,50,'2010-12-26 20:21:32','2010-12-26 20:21:32'),(687,25,21,75,'2010-12-26 20:21:53','2010-12-26 20:21:53'),(688,25,12,50,'2010-12-26 20:22:06','2010-12-26 20:22:06'),(689,25,13,50,'2010-12-26 20:22:16','2010-12-26 20:22:16'),(690,25,3,100,'2010-12-26 20:22:31','2010-12-26 20:22:31'),(691,25,22,100,'2010-12-26 20:22:40','2010-12-26 20:22:40'),(692,25,23,50,'2010-12-26 20:22:53','2010-12-26 20:22:53'),(693,25,15,50,'2010-12-26 20:23:03','2010-12-26 20:23:03'),(694,25,16,100,'2010-12-26 20:23:20','2010-12-26 20:23:20'),(695,12,25,50,'2010-12-26 20:30:20','2010-12-26 20:30:20'),(696,22,30,50,'2010-12-26 20:30:47','2010-12-26 20:30:47'),(697,22,25,100,'2010-12-26 20:31:05','2010-12-26 20:31:05'),(698,22,23,50,'2010-12-26 20:31:37','2010-12-26 20:31:37'),(699,22,15,50,'2010-12-26 20:31:58','2010-12-26 20:31:58'),(700,22,16,75,'2010-12-26 20:32:20','2010-12-26 20:32:20'),(701,23,21,50,'2010-12-26 20:32:48','2010-12-26 20:32:48'),(702,25,27,50,'2010-12-26 20:34:04','2010-12-26 20:34:04');
-- /*!40000 ALTER TABLE `compatibilitat_vegetals` ENABLE KEYS */;
-- UNLOCK TABLES;
LOCK TABLES `CompatibilityPlant` WRITE;
/*!40000 ALTER TABLE `CompatibilityPlant` DISABLE KEYS */;
INSERT INTO `CompatibilityPlant` (`id`, `plant_a_id`, `plant_b_id`, `compatibility`, `created_at`, `updated_at`) VALUES (1,17,1,50,'2010-12-12 17:43:19','2010-12-12 17:43:19'),(2,17,4,50,'2010-12-12 17:43:39','2010-12-12 17:43:39'),(3,17,18,50,'2010-12-12 17:45:41','2010-12-12 17:45:41'),(4,17,5,50,'2010-12-12 17:46:04','2010-12-12 17:46:04'),(5,17,7,50,'2010-12-12 17:47:34','2010-12-12 17:47:34'),(6,17,8,50,'2010-12-12 17:47:55','2010-12-12 17:47:55'),(7,17,26,50,'2010-12-12 17:48:11','2010-12-12 17:48:11'),(8,17,28,75,'2010-12-12 17:48:31','2010-12-12 17:48:31'),(9,17,30,50,'2010-12-12 17:48:50','2010-12-12 17:48:50'),(10,17,19,50,'2010-12-12 17:49:10','2010-12-12 17:49:10'),(11,17,31,50,'2010-12-12 17:51:12','2010-12-12 17:51:12'),(12,17,32,50,'2010-12-12 17:51:30','2010-12-12 17:51:30'),(13,17,9,75,'2010-12-12 17:51:49','2010-12-12 17:51:49'),(14,17,20,50,'2010-12-12 17:52:04','2010-12-12 17:52:04'),(15,17,10,50,'2010-12-12 17:52:25','2010-12-12 17:52:25'),(16,17,11,50,'2010-12-12 17:52:43','2010-12-12 17:52:43'),(17,17,27,50,'2010-12-12 17:52:57','2010-12-12 17:52:57'),(18,17,21,50,'2010-12-12 17:53:14','2010-12-12 17:53:14'),(19,17,12,50,'2010-12-12 17:53:32','2010-12-12 17:53:32'),(20,17,13,75,'2010-12-12 17:53:55','2010-12-12 17:53:55'),(21,17,3,50,'2010-12-12 17:54:15','2010-12-12 17:54:15'),(22,17,22,75,'2010-12-12 17:54:34','2010-12-12 17:54:34'),(23,17,23,50,'2010-12-12 17:54:50','2010-12-12 17:54:50'),(24,17,15,50,'2010-12-12 17:55:06','2010-12-12 17:55:06'),(25,17,16,75,'2010-12-12 17:55:19','2010-12-12 17:55:19'),(26,17,25,75,'2010-12-12 17:55:36','2010-12-12 17:55:36'),(27,1,17,50,'2010-12-12 18:00:39','2010-12-12 18:00:39'),(28,1,4,75,'2010-12-12 18:00:52','2010-12-12 18:00:52'),(29,1,18,50,'2010-12-12 18:01:19','2010-12-12 18:01:19'),(30,1,5,75,'2010-12-12 18:01:34','2010-12-12 18:01:34'),(31,1,7,50,'2010-12-12 18:01:51','2010-12-12 18:01:51'),(32,1,8,50,'2010-12-12 18:01:59','2010-12-12 18:01:59'),(33,1,26,50,'2010-12-12 18:02:17','2010-12-12 18:02:17'),(34,1,28,0,'2010-12-12 18:02:34','2010-12-12 18:02:34'),(35,1,30,75,'2010-12-12 18:02:54','2010-12-12 18:02:54'),(36,1,19,50,'2010-12-12 18:03:04','2010-12-12 18:03:04'),(37,1,31,0,'2010-12-12 18:03:20','2010-12-12 18:03:20'),(38,1,32,0,'2010-12-12 18:03:27','2010-12-12 18:03:27'),(39,1,9,0,'2010-12-12 18:03:50','2010-12-12 18:03:50'),(40,1,20,100,'2010-12-12 18:04:13','2010-12-12 18:04:13'),(41,1,10,50,'2010-12-12 18:04:23','2010-12-12 18:04:23'),(42,1,11,50,'2010-12-12 18:04:42','2010-12-12 18:04:42'),(43,1,27,50,'2010-12-12 18:04:50','2010-12-12 18:04:50'),(44,1,21,50,'2010-12-12 18:04:59','2010-12-12 18:04:59'),(45,1,12,75,'2010-12-12 18:05:46','2010-12-12 18:05:46'),(46,1,13,100,'2010-12-12 18:06:05','2010-12-12 18:06:05'),(47,1,3,0,'2010-12-12 18:06:29','2010-12-12 18:06:29'),(48,1,22,50,'2010-12-12 18:06:38','2010-12-12 18:06:38'),(49,1,23,75,'2010-12-12 18:07:15','2010-12-12 18:07:15'),(50,1,15,50,'2010-12-12 18:07:24','2010-12-12 18:07:24'),(51,1,16,100,'2010-12-12 18:07:37','2010-12-12 18:07:37'),(52,1,25,75,'2010-12-12 18:07:46','2010-12-12 18:07:46'),(53,4,17,50,'2010-12-12 18:09:30','2010-12-12 18:09:30'),(54,4,1,50,'2010-12-12 18:09:40','2010-12-12 18:09:40'),(55,4,18,50,'2010-12-12 18:09:56','2010-12-12 18:09:56'),(56,4,5,50,'2010-12-12 18:10:13','2010-12-12 18:10:13'),(57,4,7,50,'2010-12-12 18:10:33','2010-12-12 18:10:33'),(58,4,8,50,'2010-12-12 18:10:44','2010-12-12 18:10:44'),(59,4,26,50,'2010-12-12 18:11:02','2010-12-12 18:11:02'),(60,4,28,50,'2010-12-12 18:11:15','2010-12-12 18:11:15'),(61,4,30,50,'2010-12-12 18:11:32','2010-12-12 18:11:32'),(62,4,19,50,'2010-12-12 18:11:46','2010-12-12 18:11:46'),(63,4,31,50,'2010-12-12 18:12:02','2010-12-12 18:12:02'),(64,4,32,50,'2010-12-12 18:12:12','2010-12-12 18:12:12'),(65,4,9,75,'2010-12-12 18:13:20','2010-12-12 18:13:20'),(66,4,20,50,'2010-12-12 18:13:32','2010-12-12 18:13:32'),(67,4,10,50,'2010-12-12 18:13:49','2010-12-12 18:13:49'),(68,4,11,50,'2010-12-12 18:14:01','2010-12-12 18:14:01'),(69,4,27,50,'2010-12-12 18:14:17','2010-12-12 18:14:17'),(70,4,21,50,'2010-12-12 18:14:33','2010-12-12 18:14:33'),(71,4,12,75,'2010-12-12 18:15:13','2010-12-12 18:15:13'),(72,4,13,75,'2010-12-12 18:15:35','2010-12-12 18:15:35'),(73,4,3,50,'2010-12-12 18:15:52','2010-12-12 18:15:52'),(74,4,22,50,'2010-12-12 18:16:13','2010-12-12 18:16:13'),(75,4,23,50,'2010-12-12 18:17:44','2010-12-12 18:17:44'),(76,4,15,50,'2010-12-12 18:17:58','2010-12-12 18:17:58'),(77,4,16,75,'2010-12-12 18:18:12','2010-12-12 18:18:12'),(78,4,25,50,'2010-12-12 18:18:24','2010-12-12 18:18:24'),(79,18,17,50,'2010-12-12 18:18:45','2010-12-12 18:18:45'),(80,18,1,50,'2010-12-12 18:18:58','2010-12-12 18:18:58'),(81,18,4,50,'2010-12-12 18:19:11','2010-12-12 18:19:11'),(82,18,5,75,'2010-12-12 18:19:24','2010-12-12 18:19:24'),(83,18,7,50,'2010-12-12 18:19:41','2010-12-12 18:19:41'),(84,18,8,50,'2010-12-12 18:19:50','2010-12-12 18:19:50'),(85,18,26,50,'2010-12-12 18:20:05','2010-12-12 18:20:05'),(86,18,28,100,'2010-12-12 18:20:21','2010-12-12 18:20:21'),(87,18,30,50,'2010-12-12 18:20:45','2010-12-12 18:20:45'),(88,18,19,75,'2010-12-12 18:20:57','2010-12-12 18:20:57'),(89,18,31,50,'2010-12-12 18:21:16','2010-12-12 18:21:16'),(90,18,32,50,'2010-12-12 18:21:25','2010-12-12 18:21:25'),(91,18,9,100,'2010-12-12 18:23:48','2010-12-12 18:23:48'),(92,18,20,50,'2010-12-12 18:24:03','2010-12-12 18:24:03'),(93,18,10,50,'2010-12-12 18:24:17','2010-12-12 18:24:17'),(94,18,11,50,'2010-12-12 18:24:27','2010-12-12 18:24:27'),(95,18,27,50,'2010-12-12 18:33:27','2010-12-12 18:33:27'),(96,18,21,0,'2010-12-12 18:33:43','2010-12-12 18:33:43'),(97,18,12,75,'2010-12-12 18:34:03','2010-12-12 18:34:03'),(98,18,13,50,'2010-12-12 18:34:16','2010-12-12 18:34:16'),(99,18,3,100,'2010-12-12 18:34:36','2010-12-12 18:34:36'),(100,18,22,75,'2010-12-12 18:34:50','2010-12-12 18:34:50'),(101,18,23,50,'2010-12-12 18:35:07','2010-12-12 18:35:07'),(102,18,15,50,'2010-12-12 18:35:23','2010-12-12 18:35:23'),(103,18,16,100,'2010-12-12 18:35:36','2010-12-12 18:35:36'),(104,18,25,0,'2010-12-12 18:35:48','2010-12-12 18:35:48'),(105,5,17,50,'2010-12-12 18:36:18','2010-12-12 18:36:18'),(106,5,1,75,'2010-12-12 18:36:27','2010-12-12 18:36:27'),(107,5,4,50,'2010-12-12 18:36:51','2010-12-12 18:36:51'),(108,5,18,75,'2010-12-12 18:37:05','2010-12-12 18:37:05'),(109,5,7,50,'2010-12-12 18:37:22','2010-12-12 18:37:22'),(110,5,8,50,'2010-12-12 18:37:32','2010-12-12 18:37:32'),(111,5,26,75,'2010-12-12 18:37:47','2010-12-12 18:37:47'),(112,5,28,75,'2010-12-12 18:37:58','2010-12-12 18:37:58'),(113,5,30,75,'2010-12-12 18:38:10','2010-12-12 18:38:10'),(114,5,19,75,'2010-12-12 18:38:23','2010-12-12 18:38:23'),(115,5,31,50,'2010-12-12 18:38:41','2010-12-12 18:38:41'),(116,5,32,50,'2010-12-12 18:38:52','2010-12-12 18:38:52'),(117,5,9,75,'2010-12-12 18:39:06','2010-12-12 18:39:06'),(118,5,20,75,'2010-12-12 18:39:19','2010-12-12 18:39:19'),(119,5,10,50,'2010-12-12 18:39:35','2010-12-12 18:39:35'),(120,5,11,50,'2010-12-12 18:39:50','2010-12-12 18:39:50'),(121,5,27,50,'2010-12-12 18:40:01','2010-12-12 18:40:01'),(122,5,21,75,'2010-12-12 18:40:18','2010-12-12 18:40:18'),(123,5,12,0,'2010-12-12 18:40:30','2010-12-12 18:40:30'),(124,5,13,50,'2010-12-12 18:40:53','2010-12-12 18:40:53'),(125,5,3,75,'2010-12-12 18:41:05','2010-12-12 18:41:05'),(126,5,22,75,'2010-12-12 18:41:19','2010-12-12 18:41:19'),(127,5,23,50,'2010-12-12 18:41:37','2010-12-12 18:41:37'),(128,5,15,50,'2010-12-12 18:41:50','2010-12-12 18:41:50'),(129,5,16,50,'2010-12-12 18:42:02','2010-12-12 18:42:02'),(130,5,25,75,'2010-12-12 18:42:16','2010-12-12 18:42:16'),(131,7,17,50,'2010-12-12 18:42:38','2010-12-12 18:42:38'),(132,7,1,50,'2010-12-12 18:42:45','2010-12-12 18:42:45'),(133,7,4,50,'2010-12-12 18:42:59','2010-12-12 18:42:59'),(134,7,18,50,'2010-12-12 18:43:09','2010-12-12 18:43:09'),(135,7,5,50,'2010-12-12 18:43:24','2010-12-12 18:43:24'),(136,7,8,50,'2010-12-12 18:43:33','2010-12-12 18:43:33'),(137,7,26,50,'2010-12-12 18:43:49','2010-12-12 18:43:49'),(138,7,28,50,'2010-12-12 18:43:57','2010-12-12 18:43:57'),(139,7,30,50,'2010-12-12 18:44:11','2010-12-12 18:44:11'),(140,7,19,50,'2010-12-12 18:44:23','2010-12-12 18:44:23'),(141,7,31,75,'2010-12-12 18:44:37','2010-12-12 18:44:37'),(142,7,32,50,'2010-12-12 18:44:47','2010-12-12 18:44:47'),(143,7,9,75,'2010-12-12 18:45:00','2010-12-12 18:45:00'),(144,7,20,75,'2010-12-12 18:45:10','2010-12-12 18:45:10'),(145,7,10,50,'2010-12-12 18:45:24','2010-12-12 18:45:24'),(146,7,11,50,'2010-12-12 18:45:35','2010-12-12 18:45:35'),(147,7,27,50,'2010-12-12 18:45:46','2010-12-12 18:45:46'),(148,7,21,75,'2010-12-12 18:45:56','2010-12-12 18:45:56'),(149,7,12,50,'2010-12-12 18:46:18','2010-12-12 18:46:18'),(150,7,13,50,'2010-12-12 18:46:31','2010-12-12 18:46:31'),(151,7,3,50,'2010-12-12 18:46:43','2010-12-12 18:46:43'),(152,7,22,50,'2010-12-12 18:46:53','2010-12-12 18:46:53'),(153,7,23,50,'2010-12-12 18:47:10','2010-12-12 18:47:10'),(154,7,15,50,'2010-12-12 18:47:22','2010-12-12 18:47:22'),(155,7,16,50,'2010-12-12 18:47:33','2010-12-12 18:47:33'),(156,7,25,50,'2010-12-12 18:47:42','2010-12-12 18:47:42'),(157,8,17,50,'2010-12-12 18:48:10','2010-12-12 18:48:10'),(158,8,1,50,'2010-12-12 18:48:18','2010-12-12 18:48:18'),(159,8,4,50,'2010-12-12 18:48:28','2010-12-12 18:48:28'),(160,8,18,50,'2010-12-12 18:48:37','2010-12-12 18:48:37'),(161,8,5,50,'2010-12-12 18:48:54','2010-12-12 18:48:54'),(162,8,7,50,'2010-12-12 18:49:03','2010-12-12 18:49:03'),(163,8,26,50,'2010-12-12 18:49:16','2010-12-12 18:49:16'),(164,8,28,75,'2010-12-12 18:49:28','2010-12-12 18:49:28'),(165,8,30,50,'2010-12-12 18:49:43','2010-12-12 18:49:43'),(166,8,19,50,'2010-12-12 18:49:53','2010-12-12 18:49:53'),(167,8,31,50,'2010-12-12 18:50:11','2010-12-12 18:50:11'),(168,8,32,50,'2010-12-12 18:50:20','2010-12-12 18:50:20'),(169,8,9,75,'2010-12-12 18:50:33','2010-12-12 18:50:33'),(170,8,20,75,'2010-12-12 18:50:46','2010-12-12 18:50:46'),(171,8,10,75,'2010-12-12 18:50:58','2010-12-12 18:50:58'),(172,8,11,50,'2010-12-12 18:51:17','2010-12-12 18:51:17'),(173,8,27,50,'2010-12-12 18:51:26','2010-12-12 18:51:26'),(174,8,21,0,'2010-12-12 18:51:36','2010-12-12 18:51:36'),(175,8,12,50,'2010-12-12 18:51:51','2010-12-12 18:51:51'),(176,8,13,50,'2010-12-12 18:52:08','2010-12-12 18:52:08'),(177,8,3,50,'2010-12-12 18:52:32','2010-12-12 18:52:32'),(178,8,22,50,'2010-12-12 18:52:43','2010-12-12 18:52:43'),(179,8,23,50,'2010-12-12 18:52:53','2010-12-12 18:52:53'),(180,8,15,50,'2010-12-12 18:53:07','2010-12-12 18:53:07'),(181,8,16,50,'2010-12-12 18:53:23','2010-12-12 18:53:23'),(182,8,25,50,'2010-12-12 18:53:32','2010-12-12 18:53:32'),(183,26,17,50,'2010-12-12 18:54:03','2010-12-12 18:54:03'),(184,26,1,50,'2010-12-12 18:54:10','2010-12-12 18:54:10'),(185,26,4,50,'2010-12-12 18:55:45','2010-12-12 18:55:45'),(186,26,18,50,'2010-12-12 18:55:54','2010-12-12 18:55:54'),(187,26,5,75,'2010-12-12 18:56:07','2010-12-12 18:56:07'),(188,26,7,50,'2010-12-12 18:56:44','2010-12-12 18:56:44'),(189,26,8,50,'2010-12-12 18:56:54','2010-12-12 18:56:54'),(190,26,28,75,'2010-12-12 18:57:06','2010-12-12 18:57:06'),(191,26,30,75,'2010-12-12 18:57:23','2010-12-12 18:57:23'),(192,26,19,50,'2010-12-12 18:57:36','2010-12-12 18:57:36'),(193,26,31,0,'2010-12-12 18:57:53','2010-12-12 18:57:53'),(194,26,32,50,'2010-12-12 18:58:03','2010-12-12 18:58:03'),(195,26,9,0,'2010-12-12 18:58:17','2010-12-12 18:58:17'),(196,26,20,100,'2010-12-12 19:00:04','2010-12-12 19:00:04'),(197,26,10,50,'2010-12-12 19:00:17','2010-12-12 19:00:17'),(198,26,11,75,'2010-12-12 19:00:30','2010-12-12 19:00:30'),(199,26,27,50,'2010-12-12 19:00:49','2010-12-12 19:00:49'),(200,26,21,50,'2010-12-12 19:00:58','2010-12-12 19:00:58'),(201,26,12,100,'2010-12-12 19:01:15','2010-12-12 19:01:15'),(202,26,13,50,'2010-12-12 19:01:28','2010-12-12 19:01:28'),(203,26,3,75,'2010-12-12 19:01:42','2010-12-12 19:01:42'),(204,26,22,50,'2010-12-12 19:02:01','2010-12-12 19:02:01'),(205,26,23,75,'2010-12-12 19:02:12','2010-12-12 19:02:12'),(206,26,15,75,'2010-12-12 19:02:23','2010-12-12 19:02:23'),(207,26,16,100,'2010-12-12 19:02:32','2010-12-12 19:02:32'),(208,26,25,100,'2010-12-12 19:02:41','2010-12-12 19:02:41'),(209,28,17,75,'2010-12-12 19:03:01','2010-12-12 19:03:01'),(210,28,1,0,'2010-12-12 19:03:11','2010-12-12 19:03:11'),(211,28,4,50,'2010-12-12 19:03:23','2010-12-12 19:03:23'),(212,28,18,100,'2010-12-12 19:03:34','2010-12-12 19:03:34'),(213,28,5,75,'2010-12-12 19:05:27','2010-12-12 19:05:27'),(214,28,7,50,'2010-12-12 19:05:51','2010-12-12 19:05:51'),(215,28,8,75,'2010-12-12 19:06:00','2010-12-12 19:06:00'),(216,28,26,75,'2010-12-12 19:06:09','2010-12-12 19:06:09'),(217,28,30,75,'2010-12-12 19:06:27','2010-12-12 19:06:27'),(218,28,19,100,'2010-12-12 19:06:40','2010-12-12 19:06:40'),(219,28,31,75,'2010-12-12 19:06:53','2010-12-12 19:06:53'),(220,28,32,50,'2010-12-12 19:07:02','2010-12-12 19:07:02'),(221,28,9,75,'2010-12-12 19:07:20','2010-12-12 19:07:20'),(222,28,20,100,'2010-12-12 19:07:28','2010-12-12 19:07:28'),(223,28,10,50,'2010-12-12 19:07:42','2010-12-12 19:07:42'),(224,28,11,50,'2010-12-12 19:07:52','2010-12-12 19:07:52'),(225,28,27,75,'2010-12-12 19:08:02','2010-12-12 19:08:02'),(226,28,21,100,'2010-12-12 19:08:13','2010-12-12 19:08:13'),(227,28,12,75,'2010-12-12 19:08:30','2010-12-12 19:08:30'),(228,28,13,100,'2010-12-12 19:08:48','2010-12-12 19:08:48'),(229,28,3,75,'2010-12-12 19:09:05','2010-12-12 19:09:05'),(230,28,22,50,'2010-12-12 19:09:21','2010-12-12 19:09:21'),(231,28,23,100,'2010-12-12 19:09:32','2010-12-12 19:09:32'),(232,28,15,50,'2010-12-12 19:09:43','2010-12-12 19:09:43'),(233,28,16,75,'2010-12-12 19:09:51','2010-12-12 19:09:51'),(234,28,25,75,'2010-12-12 19:10:00','2010-12-12 19:10:00'),(235,30,17,50,'2010-12-12 19:10:25','2010-12-12 19:10:25'),(236,30,1,75,'2010-12-12 19:18:01','2010-12-12 19:18:01'),(237,30,4,50,'2010-12-12 19:28:45','2010-12-12 19:28:45'),(238,30,18,50,'2010-12-12 19:28:55','2010-12-12 19:28:55'),(239,30,5,75,'2010-12-12 19:29:11','2010-12-12 19:29:11'),(240,30,7,50,'2010-12-12 19:29:28','2010-12-12 19:29:28'),(241,30,8,50,'2010-12-12 19:29:36','2010-12-12 19:29:36'),(242,30,26,75,'2010-12-12 19:29:46','2010-12-12 19:29:46'),(243,30,28,75,'2010-12-12 19:29:53','2010-12-12 19:29:53'),(244,30,19,75,'2010-12-12 19:30:15','2010-12-12 19:30:15'),(245,30,31,50,'2010-12-12 19:30:35','2010-12-12 19:30:35'),(246,30,32,50,'2010-12-12 19:30:43','2010-12-12 19:30:43'),(247,30,9,50,'2010-12-12 19:31:00','2010-12-12 19:31:00'),(248,30,20,50,'2010-12-12 19:31:08','2010-12-12 19:31:08'),(249,30,10,50,'2010-12-12 19:31:18','2010-12-12 19:31:18'),(250,30,11,50,'2010-12-12 19:31:28','2010-12-12 19:31:28'),(251,30,27,50,'2010-12-12 19:31:45','2010-12-12 19:31:45'),(252,30,21,50,'2010-12-12 19:31:55','2010-12-12 19:31:55'),(253,30,12,50,'2010-12-12 19:32:08','2010-12-12 19:32:08'),(254,30,13,50,'2010-12-12 19:32:20','2010-12-12 19:32:20'),(255,30,3,75,'2010-12-12 19:32:36','2010-12-12 19:32:36'),(256,30,22,50,'2010-12-12 19:32:56','2010-12-12 19:32:56'),(257,30,23,50,'2010-12-12 19:33:05','2010-12-12 19:33:05'),(258,30,15,50,'2010-12-12 19:33:16','2010-12-12 19:33:16'),(259,30,16,50,'2010-12-12 19:33:26','2010-12-12 19:33:26'),(260,30,25,50,'2010-12-12 19:33:34','2010-12-12 19:33:34'),(261,19,17,50,'2010-12-12 19:34:01','2010-12-12 19:34:01'),(262,19,1,50,'2010-12-12 19:34:07','2010-12-12 19:34:07'),(263,19,4,50,'2010-12-12 19:36:04','2010-12-12 19:36:04'),(264,19,18,75,'2010-12-12 19:36:17','2010-12-12 19:36:17'),(265,19,5,75,'2010-12-12 19:36:29','2010-12-12 19:36:29'),(266,19,7,50,'2010-12-12 19:36:51','2010-12-12 19:36:51'),(267,19,8,50,'2010-12-12 19:37:00','2010-12-12 19:37:00'),(268,19,26,50,'2010-12-12 19:37:09','2010-12-12 19:37:09'),(269,19,28,100,'2010-12-12 19:37:29','2010-12-12 19:37:29'),(270,19,30,75,'2010-12-12 19:37:40','2010-12-12 19:37:40'),(271,19,31,75,'2010-12-12 19:37:56','2010-12-12 19:37:56'),(272,19,32,75,'2010-12-12 19:38:04','2010-12-12 19:38:04'),(273,19,9,75,'2010-12-12 19:38:15','2010-12-12 19:38:15'),(274,19,20,75,'2010-12-12 19:38:24','2010-12-12 19:38:24'),(275,19,10,50,'2010-12-12 19:38:59','2010-12-12 19:38:59'),(276,19,11,50,'2010-12-12 19:39:12','2010-12-12 19:39:12'),(277,19,27,50,'2010-12-12 19:39:30','2010-12-12 19:39:30'),(278,19,21,50,'2010-12-12 19:39:43','2010-12-12 19:39:43'),(279,19,12,50,'2010-12-12 19:39:53','2010-12-12 19:39:53'),(280,19,13,50,'2010-12-12 19:40:09','2010-12-12 19:40:09'),(281,19,3,50,'2010-12-12 19:40:30','2010-12-12 19:40:30'),(282,19,22,100,'2010-12-12 19:40:51','2010-12-12 19:40:51'),(283,19,23,50,'2010-12-12 19:41:01','2010-12-12 19:41:01'),(284,19,15,50,'2010-12-12 19:41:16','2010-12-12 19:41:16'),(285,19,16,75,'2010-12-12 19:41:32','2010-12-12 19:41:32'),(286,19,25,50,'2010-12-12 19:41:43','2010-12-12 19:41:43'),(287,31,17,50,'2010-12-18 20:05:11','2010-12-18 20:05:11'),(288,31,1,0,'2010-12-18 20:05:39','2010-12-18 20:05:39'),(289,31,4,50,'2010-12-18 20:06:00','2010-12-18 20:06:00'),(290,31,18,50,'2010-12-18 20:06:11','2010-12-18 20:06:11'),(291,31,5,50,'2010-12-18 20:06:33','2010-12-18 20:06:33'),(292,31,7,75,'2010-12-18 20:07:09','2010-12-18 20:07:09'),(293,31,8,50,'2010-12-18 20:07:24','2010-12-18 20:07:24'),(294,31,26,0,'2010-12-18 20:07:45','2010-12-18 20:07:45'),(295,31,28,75,'2010-12-18 20:08:01','2010-12-18 20:08:01'),(296,31,30,50,'2010-12-18 20:09:20','2010-12-18 20:09:20'),(297,31,19,75,'2010-12-18 20:09:58','2010-12-18 20:09:58'),(298,31,32,50,'2010-12-18 20:10:48','2010-12-18 20:10:48'),(299,31,9,0,'2010-12-18 20:11:05','2010-12-18 20:11:05'),(300,31,20,75,'2010-12-18 20:11:25','2010-12-18 20:15:05'),(301,31,10,75,'2010-12-18 20:11:35','2010-12-18 20:14:49'),(302,31,11,75,'2010-12-18 20:15:28','2010-12-18 20:15:28'),(303,31,27,75,'2010-12-18 20:15:46','2010-12-18 20:15:46'),(304,31,21,50,'2010-12-18 20:17:00','2010-12-18 20:17:00'),(305,31,12,100,'2010-12-18 20:17:12','2010-12-18 20:17:12'),(306,31,13,75,'2010-12-18 20:17:33','2010-12-18 20:17:33'),(307,31,3,0,'2010-12-18 20:17:49','2010-12-18 20:17:49'),(308,31,22,75,'2010-12-18 20:19:57','2010-12-18 20:19:57'),(309,31,23,50,'2010-12-18 20:20:26','2010-12-18 20:20:26'),(310,31,15,75,'2010-12-18 20:21:12','2010-12-18 20:21:12'),(311,31,16,75,'2010-12-18 20:21:48','2010-12-18 20:21:48'),(312,31,25,100,'2010-12-18 20:22:58','2010-12-18 20:22:58'),(313,32,17,50,'2010-12-18 20:24:23','2010-12-18 20:24:23'),(314,32,1,0,'2010-12-18 20:41:19','2010-12-18 20:41:19'),(315,32,4,50,'2010-12-18 20:41:41','2010-12-18 20:41:41'),(316,32,18,50,'2010-12-18 20:41:54','2010-12-18 20:41:54'),(317,32,5,50,'2010-12-18 20:42:07','2010-12-18 20:42:07'),(318,32,7,50,'2010-12-18 20:42:30','2010-12-18 20:42:30'),(319,32,8,50,'2010-12-18 20:42:40','2010-12-18 20:42:40'),(320,32,26,50,'2010-12-18 20:42:50','2010-12-18 20:42:50'),(321,32,28,50,'2010-12-18 20:44:05','2010-12-18 20:44:05'),(322,32,30,50,'2010-12-18 20:44:22','2010-12-18 20:44:22'),(323,32,19,75,'2010-12-18 20:44:42','2010-12-18 20:44:42'),(324,32,31,50,'2010-12-18 20:45:11','2010-12-18 20:45:11'),(325,32,9,50,'2010-12-18 20:53:21','2010-12-18 20:53:21'),(326,32,20,75,'2010-12-18 20:55:16','2010-12-18 20:55:16'),(327,32,10,75,'2010-12-18 20:55:26','2010-12-18 20:55:26'),(328,32,11,50,'2010-12-18 20:55:50','2010-12-18 20:55:50'),(329,32,27,50,'2010-12-18 20:56:00','2010-12-18 20:56:00'),(330,32,21,100,'2010-12-18 20:56:28','2010-12-18 20:56:28'),(331,32,12,50,'2010-12-18 20:57:29','2010-12-18 20:57:29'),(332,32,13,50,'2010-12-18 20:57:40','2010-12-18 20:57:40'),(333,32,3,0,'2010-12-18 21:09:40','2010-12-18 21:09:40'),(334,32,22,50,'2010-12-18 21:09:59','2010-12-18 21:09:59'),(335,32,23,50,'2010-12-18 21:10:09','2010-12-18 21:10:09'),(336,32,15,50,'2010-12-18 21:10:28','2010-12-18 21:10:28'),(337,32,16,50,'2010-12-18 21:10:42','2010-12-18 21:10:42'),(338,32,25,50,'2010-12-18 21:10:52','2010-12-18 21:10:52'),(339,9,17,75,'2010-12-18 21:11:19','2010-12-18 21:11:19'),(340,9,1,0,'2010-12-18 21:13:57','2010-12-18 21:13:57'),(341,9,4,75,'2010-12-18 21:14:16','2010-12-18 21:14:16'),(342,9,5,75,'2010-12-18 21:14:31','2010-12-18 21:14:31'),(343,9,18,100,'2010-12-18 21:14:49','2010-12-18 21:14:49'),(344,9,7,75,'2010-12-18 21:15:07','2010-12-18 21:15:07'),(345,9,8,75,'2010-12-18 21:15:19','2010-12-18 21:15:19'),(346,9,26,0,'2010-12-18 21:15:36','2010-12-18 21:15:36'),(347,9,28,75,'2010-12-18 21:15:50','2010-12-18 21:15:50'),(348,9,30,50,'2010-12-18 21:16:15','2010-12-18 21:16:15'),(349,9,19,75,'2010-12-18 21:17:27','2010-12-18 21:17:27'),(350,9,31,0,'2010-12-18 21:17:50','2010-12-18 21:17:50'),(351,9,32,0,'2010-12-18 21:18:08','2010-12-18 21:18:08'),(352,9,20,75,'2010-12-18 21:18:39','2010-12-18 21:18:39'),(353,9,10,100,'2010-12-18 21:18:58','2010-12-18 21:18:58'),(354,9,11,50,'2010-12-18 21:19:14','2010-12-18 21:19:14'),(355,9,27,50,'2010-12-18 21:19:23','2010-12-18 21:19:23'),(356,9,21,75,'2010-12-18 21:19:39','2010-12-18 21:19:39'),(357,9,13,75,'2010-12-18 21:19:48','2010-12-18 21:19:48'),(358,9,12,100,'2010-12-18 21:20:04','2010-12-18 21:20:04'),(359,9,3,0,'2010-12-18 21:21:31','2010-12-18 21:21:31'),(360,9,23,0,'2010-12-18 21:21:43','2010-12-18 21:21:43'),(361,9,22,75,'2010-12-18 21:22:48','2010-12-18 21:22:48'),(362,9,15,50,'2010-12-18 21:23:07','2010-12-18 21:23:07'),(363,9,16,75,'2010-12-18 21:23:24','2010-12-18 21:23:24'),(364,9,25,75,'2010-12-18 21:23:34','2010-12-18 21:23:34'),(365,20,17,50,'2010-12-18 21:23:51','2010-12-18 21:23:51'),(366,20,1,100,'2010-12-18 21:24:10','2010-12-18 21:24:10'),(367,20,4,50,'2010-12-18 21:24:45','2010-12-18 21:24:45'),(368,20,18,50,'2010-12-18 21:24:54','2010-12-18 21:24:54'),(369,20,5,75,'2010-12-18 21:25:15','2010-12-18 21:25:15'),(370,20,7,75,'2010-12-18 21:25:32','2010-12-18 21:25:32'),(371,20,8,75,'2010-12-18 21:25:41','2010-12-18 21:25:41'),(372,20,26,100,'2010-12-18 21:26:06','2010-12-18 21:26:06'),(373,20,28,100,'2010-12-18 21:26:15','2010-12-18 21:26:15'),(374,20,30,50,'2010-12-18 21:26:28','2010-12-18 21:26:28'),(375,20,19,75,'2010-12-18 21:26:46','2010-12-18 21:26:46'),(376,20,31,75,'2010-12-18 21:27:15','2010-12-18 21:27:15'),(377,20,32,75,'2010-12-18 21:27:24','2010-12-18 21:27:24'),(378,20,9,75,'2010-12-18 21:27:34','2010-12-18 21:27:53'),(379,20,10,50,'2010-12-18 21:28:59','2010-12-18 21:28:59'),(380,20,11,75,'2010-12-18 21:29:30','2010-12-18 21:29:30'),(381,20,27,75,'2010-12-18 21:29:39','2010-12-18 21:29:39'),(382,20,21,50,'2010-12-18 21:29:52','2010-12-18 21:29:52'),(383,20,12,100,'2010-12-18 21:30:10','2010-12-18 21:30:10'),(384,20,13,75,'2010-12-18 21:30:26','2010-12-18 21:30:26'),(385,20,3,100,'2010-12-18 21:30:43','2010-12-18 21:30:43'),(386,20,22,100,'2010-12-18 21:30:52','2010-12-18 21:30:52'),(387,20,23,75,'2010-12-18 21:31:15','2010-12-18 21:31:15'),(388,20,15,75,'2010-12-18 21:31:31','2010-12-18 21:31:31'),(389,20,16,100,'2010-12-18 21:31:45','2010-12-18 21:31:45'),(390,20,25,100,'2010-12-18 21:31:55','2010-12-18 21:31:55'),(391,10,17,50,'2010-12-18 21:36:59','2010-12-18 21:36:59'),(392,10,1,50,'2010-12-18 21:37:08','2010-12-18 21:37:08'),(393,10,4,50,'2010-12-18 21:37:26','2010-12-18 21:37:26'),(394,10,18,50,'2010-12-18 21:37:36','2010-12-18 21:37:36'),(395,10,5,50,'2010-12-18 21:37:45','2010-12-18 21:37:45'),(396,10,7,50,'2010-12-18 21:38:02','2010-12-18 21:38:02'),(397,10,8,75,'2010-12-18 21:38:11','2010-12-18 21:38:55'),(398,10,26,50,'2010-12-18 21:39:39','2010-12-18 21:39:39'),(399,10,28,50,'2010-12-18 21:39:51','2010-12-18 21:39:51'),(400,10,30,50,'2010-12-18 21:40:50','2010-12-18 21:40:50'),(401,10,19,50,'2010-12-18 21:41:12','2010-12-18 21:41:12'),(402,10,32,75,'2010-12-18 21:41:21','2010-12-18 21:41:21'),(403,10,31,75,'2010-12-18 21:41:55','2010-12-18 21:41:55'),(404,10,9,100,'2010-12-18 21:42:21','2010-12-18 21:42:21'),(405,10,20,50,'2010-12-18 21:42:35','2010-12-18 21:42:35'),(406,10,11,75,'2010-12-18 21:42:49','2010-12-18 21:42:49'),(407,10,27,50,'2010-12-18 21:43:03','2010-12-18 21:43:03'),(408,10,21,75,'2010-12-18 21:43:18','2010-12-18 21:43:18'),(409,10,12,75,'2010-12-18 21:43:28','2010-12-18 21:43:28'),(410,10,13,50,'2010-12-18 21:43:50','2010-12-18 21:43:50'),(411,10,22,50,'2010-12-18 21:44:02','2010-12-18 21:44:02'),(412,10,3,50,'2010-12-18 21:44:22','2010-12-18 21:44:22'),(413,10,23,50,'2010-12-18 21:44:57','2010-12-18 21:44:57'),(414,10,15,75,'2010-12-18 21:45:15','2010-12-18 21:45:15'),(415,10,16,50,'2010-12-18 21:45:27','2010-12-18 21:45:27'),(416,10,25,50,'2010-12-18 21:45:37','2010-12-18 21:45:37'),(417,11,17,50,'2010-12-18 21:46:10','2010-12-18 21:46:10'),(418,11,1,50,'2010-12-18 21:46:17','2010-12-18 21:46:17'),(419,11,4,50,'2010-12-18 21:46:34','2010-12-18 21:46:34'),(420,11,18,50,'2010-12-18 21:46:43','2010-12-18 21:46:43'),(421,11,5,50,'2010-12-18 21:46:59','2010-12-18 21:46:59'),(422,11,7,50,'2010-12-18 21:47:21','2010-12-18 21:47:21'),(423,11,8,50,'2010-12-18 21:47:39','2010-12-18 21:47:39'),(424,11,26,75,'2010-12-18 21:47:59','2010-12-18 21:47:59'),(425,11,28,50,'2010-12-18 21:48:17','2010-12-18 21:48:17'),(426,11,30,50,'2010-12-18 21:48:26','2010-12-18 21:48:26'),(427,11,19,50,'2010-12-18 21:48:44','2010-12-18 21:48:44'),(428,11,31,75,'2010-12-18 21:49:02','2010-12-18 21:49:02'),(429,11,32,50,'2010-12-18 21:49:20','2010-12-18 21:49:20'),(430,11,9,50,'2010-12-18 21:49:43','2010-12-18 21:49:43'),(431,11,20,75,'2010-12-18 21:50:49','2010-12-18 21:50:49'),(432,11,10,75,'2010-12-18 21:50:58','2010-12-18 21:50:58'),(433,11,27,50,'2010-12-18 21:51:15','2010-12-18 21:51:15'),(434,11,21,50,'2010-12-18 21:51:25','2010-12-18 21:51:25'),(435,11,12,50,'2010-12-18 21:51:44','2010-12-18 21:51:44'),(436,11,13,50,'2010-12-18 21:51:56','2010-12-18 21:51:56'),(437,11,3,50,'2010-12-18 21:52:24','2010-12-18 21:52:24'),(438,11,22,50,'2010-12-18 21:52:33','2010-12-18 21:53:06'),(439,11,23,50,'2010-12-18 21:53:31','2010-12-18 21:53:31'),(440,11,15,50,'2010-12-18 21:53:43','2010-12-18 21:53:43'),(441,11,16,50,'2010-12-18 21:54:03','2010-12-18 21:54:03'),(442,11,25,50,'2010-12-18 21:54:13','2010-12-18 21:54:13'),(443,27,17,50,'2010-12-19 17:34:47','2010-12-19 17:34:47'),(444,27,1,50,'2010-12-19 17:35:09','2010-12-19 17:35:09'),(445,27,4,50,'2010-12-19 17:35:18','2010-12-19 17:35:18'),(446,27,18,50,'2010-12-19 17:35:27','2010-12-19 17:35:27'),(447,27,5,50,'2010-12-19 17:35:36','2010-12-19 17:35:36'),(448,27,7,50,'2010-12-19 17:35:54','2010-12-19 17:35:54'),(449,27,8,50,'2010-12-19 17:36:04','2010-12-19 17:36:04'),(450,27,26,50,'2010-12-19 17:36:13','2010-12-19 17:36:13'),(451,27,28,75,'2010-12-19 17:37:15','2010-12-19 17:37:15'),(452,27,30,50,'2010-12-19 17:37:24','2010-12-19 17:37:24'),(453,27,19,50,'2010-12-19 17:37:32','2010-12-19 17:37:32'),(454,27,31,75,'2010-12-19 17:37:47','2010-12-19 17:37:47'),(455,27,32,50,'2010-12-19 17:38:04','2010-12-19 17:38:04'),(456,27,9,50,'2010-12-19 17:38:15','2010-12-19 17:38:36'),(457,27,20,75,'2010-12-19 17:39:14','2010-12-19 17:39:14'),(458,27,10,50,'2010-12-19 17:39:30','2010-12-19 17:39:30'),(459,27,11,50,'2010-12-19 17:39:39','2010-12-19 17:39:39'),(460,27,21,50,'2010-12-19 17:39:55','2010-12-19 17:39:55'),(461,27,12,75,'2010-12-19 17:40:11','2010-12-19 17:40:11'),(462,27,13,50,'2010-12-19 17:41:16','2010-12-19 17:41:16'),(463,27,3,50,'2010-12-19 17:41:26','2010-12-19 17:41:26'),(464,27,22,0,'2010-12-19 17:41:46','2010-12-19 17:41:46'),(465,27,23,75,'2010-12-19 17:41:59','2010-12-19 17:41:59'),(466,27,15,50,'2010-12-19 17:42:14','2010-12-19 17:42:14'),(467,27,16,50,'2010-12-19 17:42:23','2010-12-19 17:42:23'),(468,27,25,50,'2010-12-19 17:42:32','2010-12-19 17:42:32'),(469,21,17,50,'2010-12-19 17:42:56','2010-12-19 17:42:56'),(470,21,1,50,'2010-12-19 17:43:03','2010-12-19 17:43:03'),(471,21,4,50,'2010-12-19 17:43:14','2010-12-19 17:43:14'),(472,21,18,0,'2010-12-19 17:43:32','2010-12-19 17:43:32'),(473,21,5,75,'2010-12-19 17:43:56','2010-12-19 17:43:56'),(474,21,7,75,'2010-12-19 17:44:06','2010-12-19 17:44:06'),(475,21,8,0,'2010-12-19 17:44:48','2010-12-19 17:44:48'),(476,21,26,50,'2010-12-19 17:45:03','2010-12-19 17:45:03'),(477,21,28,100,'2010-12-19 17:45:17','2010-12-19 17:45:17'),(478,21,30,50,'2010-12-19 17:45:39','2010-12-19 17:45:39'),(479,21,19,50,'2010-12-19 17:45:51','2010-12-19 17:45:51'),(480,21,31,50,'2010-12-19 17:46:01','2010-12-19 17:46:01'),(481,21,32,100,'2010-12-19 17:46:20','2010-12-19 17:46:20'),(482,21,9,75,'2010-12-19 17:46:39','2010-12-19 17:46:39'),(483,21,10,75,'2010-12-19 17:46:48','2010-12-19 17:46:48'),(484,21,20,50,'2010-12-19 17:47:12','2010-12-19 17:47:12'),(485,21,11,50,'2010-12-19 17:47:24','2010-12-19 17:47:24'),(486,21,27,50,'2010-12-19 17:47:33','2010-12-19 17:47:33'),(487,21,12,0,'2010-12-19 17:47:50','2010-12-19 17:47:50'),(488,21,13,0,'2010-12-19 17:47:58','2010-12-19 17:47:58'),(489,21,3,75,'2010-12-19 17:48:15','2010-12-19 17:48:15'),(490,21,22,75,'2010-12-19 17:48:24','2010-12-19 17:48:24'),(491,21,23,50,'2010-12-19 17:48:43','2010-12-19 17:49:01'),(492,21,15,50,'2010-12-19 17:49:27','2010-12-19 17:49:27'),(493,21,16,0,'2010-12-19 17:49:41','2010-12-19 17:49:41'),(494,21,25,75,'2010-12-19 17:49:51','2010-12-19 17:49:51'),(495,12,17,50,'2010-12-19 17:50:07','2010-12-19 17:50:07'),(496,12,1,75,'2010-12-19 17:50:22','2010-12-19 17:50:22'),(497,12,4,75,'2010-12-19 17:50:33','2010-12-19 17:50:33'),(498,12,18,75,'2010-12-19 17:50:44','2010-12-19 17:50:44'),(499,12,5,0,'2010-12-19 17:50:57','2010-12-19 17:50:57'),(500,12,7,50,'2010-12-19 17:52:46','2010-12-19 17:52:46'),(501,12,8,50,'2010-12-19 17:52:56','2010-12-19 17:52:56'),(502,12,26,100,'2010-12-19 17:53:14','2010-12-19 17:53:14'),(503,12,28,75,'2010-12-19 17:53:22','2010-12-19 17:53:22'),(504,12,30,50,'2010-12-19 17:53:38','2010-12-19 17:53:38'),(505,12,19,50,'2010-12-19 17:53:49','2010-12-19 17:53:49'),(506,12,31,100,'2010-12-19 17:54:09','2010-12-19 17:54:09'),(507,12,32,50,'2010-12-19 17:54:23','2010-12-19 17:54:23'),(508,12,9,100,'2010-12-19 17:54:39','2010-12-19 17:54:39'),(509,12,20,100,'2010-12-19 17:54:48','2010-12-19 17:54:48'),(510,12,10,75,'2010-12-19 17:55:06','2010-12-19 17:55:06'),(511,12,27,75,'2010-12-19 17:55:27','2010-12-19 17:55:27'),(512,12,11,50,'2010-12-19 17:55:35','2010-12-19 17:55:35'),(513,12,21,0,'2010-12-19 17:55:48','2010-12-19 17:55:48'),(514,12,13,50,'2010-12-19 17:56:05','2010-12-19 17:56:05'),(515,12,3,50,'2010-12-19 17:56:14','2010-12-19 17:56:14'),(516,12,22,75,'2010-12-19 17:56:31','2010-12-19 17:56:31'),(517,12,23,100,'2010-12-19 17:56:41','2010-12-19 17:56:41'),(518,12,15,50,'2010-12-19 17:56:58','2010-12-19 17:56:58'),(519,12,16,0,'2010-12-19 17:57:19','2010-12-19 17:57:19'),(520,13,17,75,'2010-12-19 17:57:45','2010-12-19 17:57:45'),(521,13,1,100,'2010-12-19 17:57:55','2010-12-19 17:57:55'),(522,13,4,75,'2010-12-19 17:58:13','2010-12-19 17:58:13'),(523,13,18,50,'2010-12-19 17:58:34','2010-12-19 17:58:34'),(524,13,5,50,'2010-12-19 17:58:44','2010-12-19 17:58:44'),(525,13,7,50,'2010-12-19 17:59:05','2010-12-19 17:59:05'),(526,13,8,50,'2010-12-19 17:59:15','2010-12-19 17:59:15'),(527,13,26,50,'2010-12-19 17:59:24','2010-12-19 17:59:24'),(528,13,28,100,'2010-12-19 18:00:19','2010-12-19 18:00:19'),(529,13,30,50,'2010-12-19 18:00:39','2010-12-19 18:00:39'),(530,13,19,75,'2010-12-19 18:00:56','2010-12-19 18:02:14'),(531,13,31,75,'2010-12-19 18:01:07','2010-12-19 18:02:33'),(532,13,32,50,'2010-12-19 18:03:16','2010-12-19 18:03:16'),(533,13,9,75,'2010-12-19 18:03:42','2010-12-19 18:03:42'),(534,13,20,75,'2010-12-19 18:03:54','2010-12-19 18:03:54'),(535,13,10,50,'2010-12-19 18:04:12','2010-12-19 18:04:12'),(536,13,11,50,'2010-12-19 18:04:23','2010-12-19 18:04:23'),(537,13,27,50,'2010-12-19 18:04:31','2010-12-19 18:04:31'),(538,13,21,0,'2010-12-19 18:04:48','2010-12-19 18:04:48'),(539,13,12,50,'2010-12-19 18:05:03','2010-12-19 18:05:03'),(540,13,3,75,'2010-12-19 18:05:21','2010-12-19 18:05:54'),(541,13,22,75,'2010-12-19 18:05:30','2010-12-19 18:06:05'),(542,13,23,50,'2010-12-19 18:06:31','2010-12-19 18:06:31'),(543,13,15,50,'2010-12-19 18:06:41','2010-12-19 18:06:41'),(544,13,16,50,'2010-12-19 18:06:52','2010-12-19 18:06:52'),(545,13,25,50,'2010-12-19 18:07:01','2010-12-19 18:07:01'),(546,3,17,50,'2010-12-19 18:22:59','2010-12-19 18:22:59'),(547,3,1,0,'2010-12-19 18:23:09','2010-12-19 18:23:09'),(548,3,4,50,'2010-12-19 18:23:27','2010-12-19 18:23:27'),(549,3,18,100,'2010-12-19 18:23:37','2010-12-19 18:23:37'),(550,3,5,75,'2010-12-19 18:23:56','2010-12-19 18:23:56'),(551,3,7,50,'2010-12-19 18:32:05','2010-12-19 18:32:05'),(552,3,8,50,'2010-12-19 18:32:13','2010-12-19 18:32:13'),(553,3,26,75,'2010-12-19 18:32:31','2010-12-19 18:32:31'),(554,3,28,75,'2010-12-19 18:32:39','2010-12-19 18:32:39'),(555,3,30,75,'2010-12-19 18:32:56','2010-12-19 18:32:56'),(556,3,19,75,'2010-12-19 18:33:07','2010-12-19 18:33:07'),(557,3,31,0,'2010-12-19 18:33:22','2010-12-19 18:33:22'),(558,3,32,0,'2010-12-19 18:33:30','2010-12-19 18:33:30'),(559,3,9,0,'2010-12-19 18:33:41','2010-12-19 18:33:41'),(560,3,20,100,'2010-12-19 18:33:58','2010-12-19 18:33:58'),(561,3,10,50,'2010-12-19 18:34:18','2010-12-19 18:34:18'),(562,3,11,50,'2010-12-19 18:34:28','2010-12-19 18:34:28'),(563,3,27,50,'2010-12-19 18:34:36','2010-12-19 18:34:36'),(564,3,21,75,'2010-12-19 18:35:02','2010-12-19 18:35:02'),(565,3,12,50,'2010-12-19 18:35:20','2010-12-19 18:35:20'),(566,3,13,75,'2010-12-19 18:35:34','2010-12-19 18:35:34'),(567,3,22,0,'2010-12-19 18:35:49','2010-12-19 18:35:49'),(568,3,23,75,'2010-12-19 18:36:05','2010-12-19 18:36:05'),(569,3,16,75,'2010-12-19 18:36:14','2010-12-19 18:36:14'),(570,3,25,100,'2010-12-19 18:36:41','2010-12-19 18:36:41'),(571,22,17,75,'2010-12-19 18:36:57','2010-12-19 18:36:57'),(572,22,1,50,'2010-12-19 18:37:10','2010-12-19 18:37:10'),(573,22,4,50,'2010-12-19 18:37:19','2010-12-19 18:37:19'),(574,22,18,75,'2010-12-19 18:37:34','2010-12-19 18:37:34'),(575,22,5,75,'2010-12-19 18:37:44','2010-12-19 18:37:44'),(576,22,7,50,'2010-12-19 18:38:08','2010-12-19 18:38:08'),(577,22,8,50,'2010-12-19 18:38:17','2010-12-19 18:38:17'),(578,22,26,50,'2010-12-19 18:38:31','2010-12-19 18:38:31'),(579,22,28,50,'2010-12-19 18:38:39','2010-12-19 18:38:39'),(580,22,32,50,'2010-12-19 18:38:52','2010-12-19 18:38:52'),(581,22,19,100,'2010-12-19 18:39:34','2010-12-19 18:39:34'),(582,22,31,75,'2010-12-19 18:39:49','2010-12-19 18:39:49'),(583,22,9,75,'2010-12-19 18:40:16','2010-12-19 18:40:16'),(584,22,20,100,'2010-12-19 18:40:31','2010-12-19 18:40:31'),(585,22,10,50,'2010-12-19 18:40:47','2010-12-19 18:40:47'),(586,22,11,50,'2010-12-19 18:41:00','2010-12-19 18:41:00'),(587,22,27,0,'2010-12-19 18:41:12','2010-12-19 18:41:12'),(588,22,21,75,'2010-12-19 18:41:31','2010-12-19 18:41:31'),(589,22,12,75,'2010-12-19 18:41:43','2010-12-19 18:41:43'),(590,22,13,75,'2010-12-19 18:41:58','2010-12-19 18:41:58'),(591,22,3,0,'2010-12-19 18:42:12','2010-12-19 18:42:12'),(592,3,15,50,'2010-12-19 18:42:40','2010-12-19 18:42:40'),(593,23,17,50,'2010-12-19 18:43:28','2010-12-19 18:43:50'),(594,23,1,75,'2010-12-19 18:44:15','2010-12-19 18:44:15'),(595,23,4,50,'2010-12-19 18:44:35','2010-12-19 18:44:35'),(596,23,18,50,'2010-12-19 18:44:44','2010-12-19 18:44:44'),(597,23,5,50,'2010-12-19 18:44:54','2010-12-19 18:44:54'),(598,23,7,50,'2010-12-19 18:45:09','2010-12-19 18:45:09'),(599,23,8,50,'2010-12-19 18:45:20','2010-12-19 18:45:20'),(600,23,26,75,'2010-12-19 18:45:32','2010-12-19 18:45:32'),(601,23,28,100,'2010-12-19 18:45:44','2010-12-19 18:45:44'),(602,23,30,50,'2010-12-19 18:46:00','2010-12-19 18:46:00'),(603,23,19,50,'2010-12-19 18:46:09','2010-12-19 18:46:09'),(604,23,31,50,'2010-12-19 18:46:17','2010-12-19 18:46:17'),(605,23,32,50,'2010-12-19 18:46:28','2010-12-19 18:46:28'),(606,23,9,0,'2010-12-19 18:46:42','2010-12-19 18:46:42'),(607,23,20,75,'2010-12-19 18:49:32','2010-12-19 18:49:32'),(608,23,10,50,'2010-12-19 18:49:52','2010-12-19 18:49:52'),(609,23,11,50,'2010-12-19 18:50:03','2010-12-19 18:50:03'),(610,23,27,75,'2010-12-19 18:50:33','2010-12-19 18:50:33'),(611,23,12,100,'2010-12-19 18:51:01','2010-12-19 18:51:01'),(612,23,13,50,'2010-12-19 18:51:17','2010-12-19 18:51:17'),(613,23,22,50,'2010-12-19 18:51:26','2010-12-19 18:51:26'),(614,23,3,75,'2010-12-19 18:51:40','2010-12-19 18:51:40'),(615,23,15,50,'2010-12-19 18:51:54','2010-12-19 18:51:54'),(616,23,16,50,'2010-12-19 18:52:03','2010-12-19 18:52:03'),(617,23,25,50,'2010-12-19 18:52:13','2010-12-19 18:52:13'),(618,15,17,50,'2010-12-19 18:52:32','2010-12-19 18:52:32'),(619,15,1,50,'2010-12-19 18:52:40','2010-12-19 18:52:40'),(620,15,4,50,'2010-12-19 18:52:56','2010-12-19 18:52:56'),(621,15,18,50,'2010-12-19 18:53:04','2010-12-19 18:53:04'),(622,15,5,50,'2010-12-19 18:53:14','2010-12-19 18:53:14'),(623,15,7,50,'2010-12-19 18:53:29','2010-12-19 18:53:29'),(624,15,8,50,'2010-12-19 18:53:38','2010-12-19 18:53:38'),(625,15,26,75,'2010-12-26 20:06:57','2010-12-26 20:06:57'),(626,15,28,50,'2010-12-26 20:07:11','2010-12-26 20:07:26'),(627,15,30,50,'2010-12-26 20:07:48','2010-12-26 20:07:48'),(628,15,19,50,'2010-12-26 20:07:58','2010-12-26 20:07:58'),(629,15,31,75,'2010-12-26 20:08:14','2010-12-26 20:08:14'),(630,15,32,50,'2010-12-26 20:08:31','2010-12-26 20:08:31'),(631,15,9,50,'2010-12-26 20:08:41','2010-12-26 20:08:41'),(632,15,20,75,'2010-12-26 20:09:00','2010-12-26 20:09:00'),(633,15,10,75,'2010-12-26 20:09:09','2010-12-26 20:09:09'),(634,15,11,50,'2010-12-26 20:09:24','2010-12-26 20:09:24'),(635,15,27,50,'2010-12-26 20:09:32','2010-12-26 20:09:32'),(636,15,21,50,'2010-12-26 20:09:47','2010-12-26 20:09:47'),(637,15,12,50,'2010-12-26 20:09:59','2010-12-26 20:09:59'),(638,15,13,50,'2010-12-26 20:10:14','2010-12-26 20:10:14'),(639,15,3,50,'2010-12-26 20:10:25','2010-12-26 20:10:25'),(640,15,22,50,'2010-12-26 20:10:38','2010-12-26 20:10:38'),(641,15,23,50,'2010-12-26 20:10:49','2010-12-26 20:10:49'),(642,15,16,50,'2010-12-26 20:11:02','2010-12-26 20:11:02'),(643,15,25,50,'2010-12-26 20:11:12','2010-12-26 20:11:12'),(644,16,17,75,'2010-12-26 20:11:27','2010-12-26 20:11:27'),(645,16,1,100,'2010-12-26 20:11:54','2010-12-26 20:11:54'),(646,16,4,75,'2010-12-26 20:12:09','2010-12-26 20:12:09'),(647,16,18,100,'2010-12-26 20:12:23','2010-12-26 20:12:23'),(648,16,5,50,'2010-12-26 20:12:40','2010-12-26 20:12:40'),(649,16,7,50,'2010-12-26 20:12:55','2010-12-26 20:12:55'),(650,16,8,50,'2010-12-26 20:13:04','2010-12-26 20:13:04'),(651,16,26,100,'2010-12-26 20:13:17','2010-12-26 20:13:17'),(652,16,28,75,'2010-12-26 20:13:28','2010-12-26 20:13:28'),(653,16,30,50,'2010-12-26 20:13:46','2010-12-26 20:13:46'),(654,16,19,75,'2010-12-26 20:14:00','2010-12-26 20:14:00'),(655,16,31,75,'2010-12-26 20:14:11','2010-12-26 20:14:11'),(656,16,32,50,'2010-12-26 20:14:23','2010-12-26 20:14:23'),(657,16,9,75,'2010-12-26 20:14:36','2010-12-26 20:14:36'),(658,16,20,100,'2010-12-26 20:14:52','2010-12-26 20:14:52'),(659,16,10,50,'2010-12-26 20:15:09','2010-12-26 20:15:09'),(660,16,11,50,'2010-12-26 20:15:22','2010-12-26 20:15:22'),(661,16,27,50,'2010-12-26 20:15:30','2010-12-26 20:15:30'),(662,16,21,0,'2010-12-26 20:15:45','2010-12-26 20:15:45'),(663,16,12,0,'2010-12-26 20:15:53','2010-12-26 20:15:53'),(664,16,13,50,'2010-12-26 20:16:17','2010-12-26 20:16:17'),(665,16,3,75,'2010-12-26 20:16:34','2010-12-26 20:16:34'),(666,16,22,75,'2010-12-26 20:16:44','2010-12-26 20:16:44'),(667,16,23,50,'2010-12-26 20:16:59','2010-12-26 20:16:59'),(668,16,15,50,'2010-12-26 20:17:10','2010-12-26 20:17:10'),(669,16,25,100,'2010-12-26 20:17:22','2010-12-26 20:17:22'),(670,25,17,75,'2010-12-26 20:17:34','2010-12-26 20:17:34'),(671,25,1,75,'2010-12-26 20:17:45','2010-12-26 20:17:45'),(672,25,4,50,'2010-12-26 20:17:58','2010-12-26 20:17:58'),(673,25,18,0,'2010-12-26 20:18:16','2010-12-26 20:18:16'),(674,25,5,75,'2010-12-26 20:18:42','2010-12-26 20:18:42'),(675,25,7,50,'2010-12-26 20:19:03','2010-12-26 20:19:03'),(676,25,8,50,'2010-12-26 20:19:14','2010-12-26 20:19:14'),(677,25,26,100,'2010-12-26 20:19:32','2010-12-26 20:19:32'),(678,25,28,75,'2010-12-26 20:19:45','2010-12-26 20:19:45'),(679,25,30,50,'2010-12-26 20:20:03','2010-12-26 20:20:03'),(680,25,19,50,'2010-12-26 20:20:11','2010-12-26 20:20:11'),(681,25,31,100,'2010-12-26 20:20:27','2010-12-26 20:20:27'),(682,25,32,50,'2010-12-26 20:20:41','2010-12-26 20:20:41'),(683,25,9,75,'2010-12-26 20:20:54','2010-12-26 20:20:54'),(684,25,20,100,'2010-12-26 20:21:05','2010-12-26 20:21:05'),(685,25,10,50,'2010-12-26 20:21:22','2010-12-26 20:21:22'),(686,25,11,50,'2010-12-26 20:21:32','2010-12-26 20:21:32'),(687,25,21,75,'2010-12-26 20:21:53','2010-12-26 20:21:53'),(688,25,12,50,'2010-12-26 20:22:06','2010-12-26 20:22:06'),(689,25,13,50,'2010-12-26 20:22:16','2010-12-26 20:22:16'),(690,25,3,100,'2010-12-26 20:22:31','2010-12-26 20:22:31'),(691,25,22,100,'2010-12-26 20:22:40','2010-12-26 20:22:40'),(692,25,23,50,'2010-12-26 20:22:53','2010-12-26 20:22:53'),(693,25,15,50,'2010-12-26 20:23:03','2010-12-26 20:23:03'),(694,25,16,100,'2010-12-26 20:23:20','2010-12-26 20:23:20'),(695,12,25,50,'2010-12-26 20:30:20','2010-12-26 20:30:20'),(696,22,30,50,'2010-12-26 20:30:47','2010-12-26 20:30:47'),(697,22,25,100,'2010-12-26 20:31:05','2010-12-26 20:31:05'),(698,22,23,50,'2010-12-26 20:31:37','2010-12-26 20:31:37'),(699,22,15,50,'2010-12-26 20:31:58','2010-12-26 20:31:58'),(700,22,16,75,'2010-12-26 20:32:20','2010-12-26 20:32:20'),(701,23,21,50,'2010-12-26 20:32:48','2010-12-26 20:32:48'),(702,25,27,50,'2010-12-26 20:34:04','2010-12-26 20:34:04');
/*!40000 ALTER TABLE `CompatibilityPlant` ENABLE KEYS */;
UNLOCK TABLES;

-- 
-- Dumping data for table `periode_cultiu`
--

-- LOCK TABLES `periode_cultiu` WRITE;
-- /*!40000 ALTER TABLE `periode_cultiu` DISABLE KEYS */;
-- INSERT INTO `periode_cultiu` (`id`, `vegetal_id`, `tipus_periode_cultiu_id`, `regio_id`, `data_inicial`, `data_final`, `created_at`, `updated_at`) VALUES (1,4,1,1,'2005-02-01 23:28:00','2005-03-31 23:28:00','2010-11-24 19:03:56','2010-11-24 19:03:56'),(2,4,2,1,'2015-03-01 23:28:00','2015-05-31 23:28:00','2010-11-24 19:04:58','2010-11-24 19:04:58'),(3,4,4,1,'2015-04-01 23:28:00','2015-06-30 23:28:00','2010-11-24 19:05:45','2010-11-24 19:05:45'),(4,4,6,1,'2015-06-01 23:28:00','2015-10-31 23:28:00','2010-11-24 19:06:39','2010-11-24 19:06:39'),(5,5,1,1,'2005-01-01 23:28:00','2015-03-31 23:28:00','2010-11-24 19:12:07','2010-11-24 19:12:07'),(6,5,2,1,'2005-04-01 23:28:00','2005-05-31 23:28:00','2010-11-24 19:14:46','2010-11-24 19:14:46'),(7,5,4,1,'2015-04-01 23:28:00','2015-06-30 23:28:00','2010-11-24 19:15:42','2010-11-24 19:15:42'),(8,5,6,1,'2015-06-01 23:28:00','2015-11-30 23:28:00','2010-11-24 19:16:32','2010-11-24 19:16:32'),(9,6,2,1,'2005-01-01 23:28:00','2005-03-31 23:28:00','2010-11-24 19:17:51','2010-11-24 19:17:51'),(10,6,5,1,'2005-04-01 23:28:00','2015-06-30 23:28:00','2010-11-24 19:18:23','2010-11-24 19:18:23'),(11,6,6,1,'2005-08-01 23:28:00','2015-11-30 23:28:00','2010-11-24 19:18:55','2010-11-24 19:18:55'),(12,7,1,1,'2005-03-01 23:28:00','2015-03-31 23:28:00','2010-11-24 19:19:32','2010-11-24 19:19:32'),(13,7,2,1,'2005-04-01 23:28:00','2015-06-30 23:28:00','2010-11-24 19:20:10','2010-11-24 19:20:10'),(14,7,4,1,'2005-04-01 23:28:00','2015-07-31 23:28:00','2010-11-24 19:20:41','2010-11-24 19:20:41'),(15,7,6,1,'2005-05-01 23:28:00','2015-10-31 23:28:00','2010-11-24 19:21:18','2010-11-24 19:21:18'),(16,8,1,1,'2005-05-01 23:28:00','2005-06-30 23:28:00','2010-11-24 19:22:29','2010-11-24 19:22:29'),(17,8,6,1,'2005-10-01 23:28:00','2015-12-31 23:28:00','2010-11-24 19:22:59','2010-11-24 19:22:59'),(18,9,1,1,'2005-03-01 23:28:00','2015-07-31 23:28:00','2010-11-24 19:23:41','2010-11-24 19:23:41'),(19,9,6,1,'2005-05-01 23:28:00','2015-10-31 23:28:00','2010-11-24 19:24:17','2010-11-24 19:24:17'),(20,10,1,1,'2005-04-01 23:28:00','2015-07-31 23:28:00','2010-11-24 19:24:55','2010-11-24 19:24:55'),(21,10,6,1,'2005-07-01 23:28:00','2015-10-31 23:28:00','2010-11-24 19:25:28','2010-11-24 19:25:28'),(22,11,1,1,'2005-01-01 23:28:00','2015-03-31 23:28:00','2010-11-24 19:26:02','2010-11-24 19:26:02'),(23,11,2,1,'2005-04-01 23:28:00','2015-06-30 23:28:00','2010-11-24 19:26:33','2010-11-24 19:26:33'),(24,11,4,1,'2005-04-01 23:28:00','2015-07-31 23:28:00','2010-11-24 19:27:08','2010-11-24 19:27:08'),(25,11,6,1,'2005-06-01 23:28:00','2015-10-31 23:28:00','2010-11-24 19:27:36','2010-11-24 19:27:36'),(26,12,1,1,'2005-02-01 23:28:00','2005-04-30 23:28:00','2010-11-25 18:17:23','2010-11-25 18:17:23'),(27,12,2,1,'2005-04-01 23:28:00','2015-06-30 23:28:00','2010-11-25 18:18:01','2010-11-25 18:18:01'),(28,12,4,1,'2005-04-01 23:28:00','2005-06-30 23:28:00','2010-11-25 18:21:42','2010-11-25 18:21:42'),(29,12,6,1,'2005-06-01 23:28:00','2005-10-31 23:28:00','2010-11-25 18:22:27','2010-11-25 18:22:27'),(30,13,1,1,'2005-02-01 23:28:00','2005-03-31 23:28:00','2010-11-25 18:24:29','2010-11-25 18:24:29'),(31,13,2,1,'2005-04-01 23:28:00','2015-05-31 23:28:00','2010-11-25 18:24:58','2010-11-25 18:24:58'),(32,13,4,1,'2005-04-01 23:28:00','2015-07-31 23:28:00','2010-11-25 18:25:25','2010-11-25 18:25:25'),(33,13,6,1,'2005-07-01 23:28:00','2015-10-31 23:28:00','2010-11-25 18:25:48','2010-11-25 18:32:22'),(34,15,2,1,'2005-04-01 23:28:00','2015-05-31 23:28:00','2010-11-25 18:27:52','2010-11-25 18:27:52'),(35,15,4,1,'2005-04-01 23:28:00','2015-06-30 23:28:00','2010-11-25 18:28:30','2010-11-25 18:28:30'),(36,15,6,1,'2005-07-01 23:28:00','2015-10-31 23:28:00','2010-11-25 18:29:02','2010-11-25 18:29:02'),(37,15,1,1,'2005-01-01 23:28:00','2005-03-31 23:28:00','2010-11-25 18:33:28','2010-11-25 18:33:28'),(38,16,1,1,'2005-01-01 23:28:00','2005-04-30 23:28:00','2010-11-25 18:36:06','2010-11-25 18:36:06'),(39,16,2,1,'2005-03-01 23:28:00','2015-05-31 23:28:00','2010-11-25 18:36:39','2010-11-25 18:36:39'),(40,16,4,1,'2005-03-01 23:28:00','2015-07-31 23:28:00','2010-11-25 18:37:16','2010-11-25 18:37:16'),(41,16,6,1,'2005-05-01 23:28:00','2015-10-31 23:28:00','2010-11-25 18:37:49','2010-11-25 18:37:49'),(42,17,1,1,'2005-03-01 23:28:00','2015-05-31 23:28:00','2010-11-25 18:40:19','2010-11-25 18:40:19'),(43,17,1,1,'2005-08-01 23:28:00','2015-09-30 23:28:00','2010-11-25 18:43:04','2010-11-25 18:43:04'),(44,17,4,1,'2005-04-30 23:28:00','2015-06-30 23:28:00','2010-11-25 18:43:54','2010-11-25 18:43:54'),(45,17,4,1,'2005-09-30 23:28:00','2015-10-31 23:28:00','2010-11-25 18:45:53','2010-11-25 18:45:53'),(46,17,6,1,'2005-01-01 23:28:00','2015-12-31 23:28:00','2010-11-25 18:46:26','2010-11-25 18:46:26'),(47,18,1,1,'2005-02-01 23:28:00','2005-03-31 23:28:00','2010-11-25 18:47:14','2010-11-25 18:47:14'),(48,18,2,1,'2005-03-01 23:28:00','2015-06-30 23:28:00','2010-11-25 18:47:51','2010-11-25 18:47:51'),(49,18,4,1,'2005-04-30 23:28:00','2015-10-31 23:28:00','2010-11-25 18:49:04','2010-11-25 18:49:04'),(50,18,6,1,'2005-01-01 23:28:00','2015-12-31 23:28:00','2010-11-25 18:49:27','2010-11-25 18:49:27'),(51,19,1,1,'2005-02-01 23:28:00','2015-05-31 23:28:00','2010-11-25 18:50:09','2010-11-25 18:50:09'),(52,19,1,1,'2005-09-01 23:28:00','2015-10-31 23:28:00','2010-11-25 18:50:38','2010-11-25 18:50:38'),(53,19,6,1,'2005-03-01 23:28:00','2015-12-31 23:28:00','2010-11-25 18:51:06','2010-11-25 18:51:06'),(54,20,1,1,'2005-01-01 23:28:00','2005-04-30 23:28:00','2010-11-25 18:54:59','2010-11-25 18:54:59'),(55,20,2,1,'2005-03-01 23:28:00','2015-11-30 23:28:00','2010-11-25 18:55:28','2010-11-25 18:55:28'),(56,20,4,1,'2005-02-01 23:28:00','2015-11-30 23:28:00','2010-11-25 18:55:56','2010-11-25 18:55:56'),(57,20,6,1,'2005-01-01 23:28:00','2015-12-31 23:28:00','2010-11-25 18:56:23','2010-11-25 18:56:23'),(58,21,1,1,'2005-02-01 23:28:00','2005-04-30 23:28:00','2010-11-25 18:59:04','2010-11-25 18:59:04'),(59,21,6,1,'2005-08-01 23:28:00','2015-10-31 23:28:00','2010-11-25 18:59:58','2010-11-25 18:59:58'),(60,2,1,1,'2005-01-01 23:28:00','2005-03-31 23:28:00','2010-11-25 19:45:32','2010-11-25 19:45:32'),(61,2,2,1,'2005-04-01 23:28:00','2015-09-30 23:28:00','2010-11-25 19:46:19','2010-11-25 19:46:19'),(62,2,4,1,'2005-03-01 23:28:00','2015-11-30 23:28:00','2010-11-25 19:46:46','2010-11-25 19:46:46'),(63,2,6,1,'2005-01-01 23:28:00','2015-12-31 23:28:00','2010-11-25 19:47:09','2010-11-25 19:47:09'),(64,3,1,1,'2006-01-01 23:28:00','2005-03-31 23:28:00','2010-11-25 19:56:50','2010-11-25 19:56:50'),(65,3,2,1,'2005-03-01 23:28:00','2015-10-31 23:28:00','2010-11-25 19:57:24','2010-11-25 19:57:24'),(66,3,4,1,'2005-03-01 23:28:00','2015-12-31 23:28:00','2010-11-25 19:58:01','2010-11-25 19:58:01'),(67,3,6,1,'2005-01-01 23:28:00','2015-12-31 23:28:00','2010-11-25 19:58:28','2010-11-25 19:58:28'),(68,22,1,1,'2005-03-01 23:28:00','2015-11-30 23:28:00','2010-11-25 19:59:08','2010-11-25 19:59:08'),(69,22,6,1,'2005-01-01 23:28:00','2015-12-31 23:28:00','2010-11-25 19:59:31','2010-11-25 19:59:31'),(70,23,1,1,'2005-01-01 23:28:00','2015-02-28 23:28:00','2010-11-25 20:00:07','2010-11-25 20:00:07'),(71,23,2,1,'2005-03-01 23:28:00','2015-10-31 23:28:00','2010-11-25 20:00:37','2010-11-25 20:00:37'),(72,23,4,1,'2005-03-01 23:28:00','2015-12-31 23:28:00','2010-11-25 20:01:08','2010-11-25 20:01:08'),(73,23,6,1,'2005-05-01 23:28:00','2015-02-28 23:28:00','2010-11-25 20:01:34','2010-11-25 20:02:58'),(74,24,1,1,'2005-02-01 23:28:00','2005-10-31 23:28:00','2010-11-25 20:03:39','2010-11-25 20:03:39'),(75,24,6,1,'2005-03-01 23:28:00','2005-10-31 23:28:00','2010-11-25 20:04:25','2010-11-25 20:04:25'),(76,25,1,1,'2005-02-01 23:28:00','2015-09-30 23:28:00','2010-11-25 20:04:57','2010-11-25 20:04:57'),(77,25,6,1,'2005-01-01 23:28:00','2015-12-31 23:28:00','2010-11-25 20:05:20','2010-11-25 20:05:20'),(78,1,1,1,'2005-11-01 23:28:00','2015-03-31 23:28:00','2010-11-25 20:05:54','2010-11-25 20:05:54'),(79,1,6,1,'2005-02-01 23:28:00','2015-08-31 23:28:00','2010-11-25 20:06:21','2010-11-25 20:06:21'),(80,26,1,1,'2005-12-01 23:28:00','2015-02-28 23:28:00','2010-11-25 20:07:16','2010-11-25 20:07:16'),(81,26,2,1,'2005-08-01 23:28:00','2015-10-31 23:28:00','2010-11-25 20:07:46','2010-11-25 20:07:46'),(82,26,4,1,'2005-02-01 00:00:00','2015-04-30 00:00:00','2010-11-25 20:08:19','2010-11-25 20:08:19'),(83,26,4,1,'2005-09-30 00:00:00','2005-10-31 00:00:00','2010-11-25 20:09:57','2010-11-25 20:09:57'),(84,26,7,1,'2005-05-01 00:00:00','2005-07-31 00:00:00','2010-11-25 20:13:08','2010-11-25 20:13:08'),(85,26,6,1,'2005-11-01 00:00:00','2005-02-28 00:00:00','2010-11-25 20:13:39','2010-11-25 20:13:39'),(86,28,1,1,'2005-01-01 00:00:00','2005-03-31 00:00:00','2010-11-25 20:14:12','2010-11-25 20:14:12'),(87,28,2,1,'2005-03-01 00:00:00','2005-04-30 00:00:00','2010-11-25 20:14:34','2010-11-25 20:14:34'),(88,28,2,1,'2005-08-01 00:00:00','2005-09-30 00:00:00','2010-11-25 20:14:58','2010-11-25 20:14:58'),(89,28,4,1,'2005-02-01 00:00:00','2005-05-31 00:00:00','2010-11-25 20:16:46','2010-11-25 20:16:46'),(90,28,4,1,'2005-09-01 00:00:00','2005-11-30 00:00:00','2010-11-25 20:17:09','2010-11-25 20:17:09'),(91,28,6,1,'2005-02-01 00:00:00','2005-12-31 00:00:00','2010-11-25 20:17:37','2010-11-25 20:17:37'),(92,29,1,1,'2005-06-01 00:00:00','2015-09-30 00:00:00','2010-11-25 20:18:13','2010-11-25 20:18:13'),(93,29,4,1,'2005-07-01 00:00:00','2015-10-31 00:00:00','2010-11-25 20:19:07','2010-11-25 20:19:07'),(94,29,6,1,'2005-11-01 00:00:00','2015-04-30 00:00:00','2010-11-25 20:19:46','2010-11-25 20:19:46'),(95,30,1,1,'2005-01-01 00:00:00','2015-02-28 00:00:00','2010-11-25 20:20:16','2010-11-25 20:20:16'),(96,30,2,1,'2005-03-01 00:00:00','2015-03-31 00:00:00','2010-11-25 20:20:45','2010-11-25 20:20:45'),(97,30,2,1,'2005-08-01 00:00:00','2015-09-30 00:00:00','2010-11-25 20:21:08','2010-11-25 20:21:08'),(98,30,4,1,'2005-03-01 00:00:00','2015-04-30 00:00:00','2010-11-25 20:21:39','2010-11-25 20:21:39'),(99,30,4,1,'2005-09-01 00:00:00','2015-10-31 00:00:00','2010-11-25 20:21:59','2010-11-25 20:21:59'),(100,30,6,1,'2005-10-01 00:00:00','2015-01-31 00:00:00','2010-11-25 20:22:25','2010-11-25 20:22:25'),(101,30,6,1,'2005-04-01 00:00:00','2015-06-30 00:00:00','2010-11-25 20:22:47','2010-11-25 20:22:47'),(102,31,1,1,'2005-02-01 00:00:00','2015-05-31 00:00:00','2010-11-25 20:23:19','2010-11-25 20:23:19'),(103,31,1,1,'2005-08-01 00:00:00','2015-10-31 00:00:00','2010-11-25 20:23:39','2010-11-25 20:23:39'),(104,31,6,1,'2005-03-01 00:00:00','2015-07-31 00:00:00','2010-11-25 20:24:01','2010-11-25 20:24:01'),(105,31,6,1,'2005-08-01 00:00:00','2015-10-31 00:00:00','2010-11-25 20:24:22','2010-11-25 20:24:22'),(106,32,1,1,'2005-02-01 00:00:00','2005-04-30 00:00:00','2010-11-25 20:28:10','2010-11-25 20:28:10'),(107,32,1,1,'2005-09-01 00:00:00','2015-12-31 00:00:00','2010-11-25 20:28:31','2010-11-25 20:28:31'),(108,32,6,1,'2005-12-01 00:00:00','2015-05-31 00:00:00','2010-11-25 20:29:02','2010-11-25 20:29:02'),(109,14,1,1,'2005-08-01 00:00:00','2015-10-31 00:00:00','2010-11-25 20:29:34','2010-11-25 20:29:34'),(110,14,6,1,'2005-10-01 00:00:00','2015-03-31 00:00:00','2010-11-25 20:29:55','2010-11-25 20:29:55'),(111,27,1,1,'2005-03-01 00:00:00','2015-04-30 00:00:00','2010-11-25 20:30:34','2010-11-25 20:30:34'),(112,27,1,1,'2005-08-01 00:00:00','2015-10-31 00:00:00','2010-11-25 20:30:50','2010-11-25 20:30:50'),(113,27,6,1,'2005-04-01 00:00:00','2015-06-30 00:00:00','2010-11-25 20:31:14','2010-11-25 20:31:14'),(114,27,6,1,'2005-10-01 00:00:00','2015-12-31 00:00:00','2010-11-25 20:31:34','2010-11-25 20:31:34');
-- /*!40000 ALTER TABLE `periode_cultiu` ENABLE KEYS */;
-- UNLOCK TABLES;
LOCK TABLES `CropPeriod` WRITE;
/*!40000 ALTER TABLE `CropPeriod` DISABLE KEYS */;
INSERT INTO `CropPeriod` (`id`, `plant_id`, `crop_period_type_id`, `region_id`, `initial_date`, `final_date`, `created_at`, `updated_at`) VALUES (1,4,1,1,'2005-02-01 23:28:00','2005-03-31 23:28:00','2010-11-24 19:03:56','2010-11-24 19:03:56'),(2,4,2,1,'2015-03-01 23:28:00','2015-05-31 23:28:00','2010-11-24 19:04:58','2010-11-24 19:04:58'),(3,4,4,1,'2015-04-01 23:28:00','2015-06-30 23:28:00','2010-11-24 19:05:45','2010-11-24 19:05:45'),(4,4,6,1,'2015-06-01 23:28:00','2015-10-31 23:28:00','2010-11-24 19:06:39','2010-11-24 19:06:39'),(5,5,1,1,'2005-01-01 23:28:00','2015-03-31 23:28:00','2010-11-24 19:12:07','2010-11-24 19:12:07'),(6,5,2,1,'2005-04-01 23:28:00','2005-05-31 23:28:00','2010-11-24 19:14:46','2010-11-24 19:14:46'),(7,5,4,1,'2015-04-01 23:28:00','2015-06-30 23:28:00','2010-11-24 19:15:42','2010-11-24 19:15:42'),(8,5,6,1,'2015-06-01 23:28:00','2015-11-30 23:28:00','2010-11-24 19:16:32','2010-11-24 19:16:32'),(9,6,2,1,'2005-01-01 23:28:00','2005-03-31 23:28:00','2010-11-24 19:17:51','2010-11-24 19:17:51'),(10,6,5,1,'2005-04-01 23:28:00','2015-06-30 23:28:00','2010-11-24 19:18:23','2010-11-24 19:18:23'),(11,6,6,1,'2005-08-01 23:28:00','2015-11-30 23:28:00','2010-11-24 19:18:55','2010-11-24 19:18:55'),(12,7,1,1,'2005-03-01 23:28:00','2015-03-31 23:28:00','2010-11-24 19:19:32','2010-11-24 19:19:32'),(13,7,2,1,'2005-04-01 23:28:00','2015-06-30 23:28:00','2010-11-24 19:20:10','2010-11-24 19:20:10'),(14,7,4,1,'2005-04-01 23:28:00','2015-07-31 23:28:00','2010-11-24 19:20:41','2010-11-24 19:20:41'),(15,7,6,1,'2005-05-01 23:28:00','2015-10-31 23:28:00','2010-11-24 19:21:18','2010-11-24 19:21:18'),(16,8,1,1,'2005-05-01 23:28:00','2005-06-30 23:28:00','2010-11-24 19:22:29','2010-11-24 19:22:29'),(17,8,6,1,'2005-10-01 23:28:00','2015-12-31 23:28:00','2010-11-24 19:22:59','2010-11-24 19:22:59'),(18,9,1,1,'2005-03-01 23:28:00','2015-07-31 23:28:00','2010-11-24 19:23:41','2010-11-24 19:23:41'),(19,9,6,1,'2005-05-01 23:28:00','2015-10-31 23:28:00','2010-11-24 19:24:17','2010-11-24 19:24:17'),(20,10,1,1,'2005-04-01 23:28:00','2015-07-31 23:28:00','2010-11-24 19:24:55','2010-11-24 19:24:55'),(21,10,6,1,'2005-07-01 23:28:00','2015-10-31 23:28:00','2010-11-24 19:25:28','2010-11-24 19:25:28'),(22,11,1,1,'2005-01-01 23:28:00','2015-03-31 23:28:00','2010-11-24 19:26:02','2010-11-24 19:26:02'),(23,11,2,1,'2005-04-01 23:28:00','2015-06-30 23:28:00','2010-11-24 19:26:33','2010-11-24 19:26:33'),(24,11,4,1,'2005-04-01 23:28:00','2015-07-31 23:28:00','2010-11-24 19:27:08','2010-11-24 19:27:08'),(25,11,6,1,'2005-06-01 23:28:00','2015-10-31 23:28:00','2010-11-24 19:27:36','2010-11-24 19:27:36'),(26,12,1,1,'2005-02-01 23:28:00','2005-04-30 23:28:00','2010-11-25 18:17:23','2010-11-25 18:17:23'),(27,12,2,1,'2005-04-01 23:28:00','2015-06-30 23:28:00','2010-11-25 18:18:01','2010-11-25 18:18:01'),(28,12,4,1,'2005-04-01 23:28:00','2005-06-30 23:28:00','2010-11-25 18:21:42','2010-11-25 18:21:42'),(29,12,6,1,'2005-06-01 23:28:00','2005-10-31 23:28:00','2010-11-25 18:22:27','2010-11-25 18:22:27'),(30,13,1,1,'2005-02-01 23:28:00','2005-03-31 23:28:00','2010-11-25 18:24:29','2010-11-25 18:24:29'),(31,13,2,1,'2005-04-01 23:28:00','2015-05-31 23:28:00','2010-11-25 18:24:58','2010-11-25 18:24:58'),(32,13,4,1,'2005-04-01 23:28:00','2015-07-31 23:28:00','2010-11-25 18:25:25','2010-11-25 18:25:25'),(33,13,6,1,'2005-07-01 23:28:00','2015-10-31 23:28:00','2010-11-25 18:25:48','2010-11-25 18:32:22'),(34,15,2,1,'2005-04-01 23:28:00','2015-05-31 23:28:00','2010-11-25 18:27:52','2010-11-25 18:27:52'),(35,15,4,1,'2005-04-01 23:28:00','2015-06-30 23:28:00','2010-11-25 18:28:30','2010-11-25 18:28:30'),(36,15,6,1,'2005-07-01 23:28:00','2015-10-31 23:28:00','2010-11-25 18:29:02','2010-11-25 18:29:02'),(37,15,1,1,'2005-01-01 23:28:00','2005-03-31 23:28:00','2010-11-25 18:33:28','2010-11-25 18:33:28'),(38,16,1,1,'2005-01-01 23:28:00','2005-04-30 23:28:00','2010-11-25 18:36:06','2010-11-25 18:36:06'),(39,16,2,1,'2005-03-01 23:28:00','2015-05-31 23:28:00','2010-11-25 18:36:39','2010-11-25 18:36:39'),(40,16,4,1,'2005-03-01 23:28:00','2015-07-31 23:28:00','2010-11-25 18:37:16','2010-11-25 18:37:16'),(41,16,6,1,'2005-05-01 23:28:00','2015-10-31 23:28:00','2010-11-25 18:37:49','2010-11-25 18:37:49'),(42,17,1,1,'2005-03-01 23:28:00','2015-05-31 23:28:00','2010-11-25 18:40:19','2010-11-25 18:40:19'),(43,17,1,1,'2005-08-01 23:28:00','2015-09-30 23:28:00','2010-11-25 18:43:04','2010-11-25 18:43:04'),(44,17,4,1,'2005-04-30 23:28:00','2015-06-30 23:28:00','2010-11-25 18:43:54','2010-11-25 18:43:54'),(45,17,4,1,'2005-09-30 23:28:00','2015-10-31 23:28:00','2010-11-25 18:45:53','2010-11-25 18:45:53'),(46,17,6,1,'2005-01-01 23:28:00','2015-12-31 23:28:00','2010-11-25 18:46:26','2010-11-25 18:46:26'),(47,18,1,1,'2005-02-01 23:28:00','2005-03-31 23:28:00','2010-11-25 18:47:14','2010-11-25 18:47:14'),(48,18,2,1,'2005-03-01 23:28:00','2015-06-30 23:28:00','2010-11-25 18:47:51','2010-11-25 18:47:51'),(49,18,4,1,'2005-04-30 23:28:00','2015-10-31 23:28:00','2010-11-25 18:49:04','2010-11-25 18:49:04'),(50,18,6,1,'2005-01-01 23:28:00','2015-12-31 23:28:00','2010-11-25 18:49:27','2010-11-25 18:49:27'),(51,19,1,1,'2005-02-01 23:28:00','2015-05-31 23:28:00','2010-11-25 18:50:09','2010-11-25 18:50:09'),(52,19,1,1,'2005-09-01 23:28:00','2015-10-31 23:28:00','2010-11-25 18:50:38','2010-11-25 18:50:38'),(53,19,6,1,'2005-03-01 23:28:00','2015-12-31 23:28:00','2010-11-25 18:51:06','2010-11-25 18:51:06'),(54,20,1,1,'2005-01-01 23:28:00','2005-04-30 23:28:00','2010-11-25 18:54:59','2010-11-25 18:54:59'),(55,20,2,1,'2005-03-01 23:28:00','2015-11-30 23:28:00','2010-11-25 18:55:28','2010-11-25 18:55:28'),(56,20,4,1,'2005-02-01 23:28:00','2015-11-30 23:28:00','2010-11-25 18:55:56','2010-11-25 18:55:56'),(57,20,6,1,'2005-01-01 23:28:00','2015-12-31 23:28:00','2010-11-25 18:56:23','2010-11-25 18:56:23'),(58,21,1,1,'2005-02-01 23:28:00','2005-04-30 23:28:00','2010-11-25 18:59:04','2010-11-25 18:59:04'),(59,21,6,1,'2005-08-01 23:28:00','2015-10-31 23:28:00','2010-11-25 18:59:58','2010-11-25 18:59:58'),(60,2,1,1,'2005-01-01 23:28:00','2005-03-31 23:28:00','2010-11-25 19:45:32','2010-11-25 19:45:32'),(61,2,2,1,'2005-04-01 23:28:00','2015-09-30 23:28:00','2010-11-25 19:46:19','2010-11-25 19:46:19'),(62,2,4,1,'2005-03-01 23:28:00','2015-11-30 23:28:00','2010-11-25 19:46:46','2010-11-25 19:46:46'),(63,2,6,1,'2005-01-01 23:28:00','2015-12-31 23:28:00','2010-11-25 19:47:09','2010-11-25 19:47:09'),(64,3,1,1,'2006-01-01 23:28:00','2005-03-31 23:28:00','2010-11-25 19:56:50','2010-11-25 19:56:50'),(65,3,2,1,'2005-03-01 23:28:00','2015-10-31 23:28:00','2010-11-25 19:57:24','2010-11-25 19:57:24'),(66,3,4,1,'2005-03-01 23:28:00','2015-12-31 23:28:00','2010-11-25 19:58:01','2010-11-25 19:58:01'),(67,3,6,1,'2005-01-01 23:28:00','2015-12-31 23:28:00','2010-11-25 19:58:28','2010-11-25 19:58:28'),(68,22,1,1,'2005-03-01 23:28:00','2015-11-30 23:28:00','2010-11-25 19:59:08','2010-11-25 19:59:08'),(69,22,6,1,'2005-01-01 23:28:00','2015-12-31 23:28:00','2010-11-25 19:59:31','2010-11-25 19:59:31'),(70,23,1,1,'2005-01-01 23:28:00','2015-02-28 23:28:00','2010-11-25 20:00:07','2010-11-25 20:00:07'),(71,23,2,1,'2005-03-01 23:28:00','2015-10-31 23:28:00','2010-11-25 20:00:37','2010-11-25 20:00:37'),(72,23,4,1,'2005-03-01 23:28:00','2015-12-31 23:28:00','2010-11-25 20:01:08','2010-11-25 20:01:08'),(73,23,6,1,'2005-05-01 23:28:00','2015-02-28 23:28:00','2010-11-25 20:01:34','2010-11-25 20:02:58'),(74,24,1,1,'2005-02-01 23:28:00','2005-10-31 23:28:00','2010-11-25 20:03:39','2010-11-25 20:03:39'),(75,24,6,1,'2005-03-01 23:28:00','2005-10-31 23:28:00','2010-11-25 20:04:25','2010-11-25 20:04:25'),(76,25,1,1,'2005-02-01 23:28:00','2015-09-30 23:28:00','2010-11-25 20:04:57','2010-11-25 20:04:57'),(77,25,6,1,'2005-01-01 23:28:00','2015-12-31 23:28:00','2010-11-25 20:05:20','2010-11-25 20:05:20'),(78,1,1,1,'2005-11-01 23:28:00','2015-03-31 23:28:00','2010-11-25 20:05:54','2010-11-25 20:05:54'),(79,1,6,1,'2005-02-01 23:28:00','2015-08-31 23:28:00','2010-11-25 20:06:21','2010-11-25 20:06:21'),(80,26,1,1,'2005-12-01 23:28:00','2015-02-28 23:28:00','2010-11-25 20:07:16','2010-11-25 20:07:16'),(81,26,2,1,'2005-08-01 23:28:00','2015-10-31 23:28:00','2010-11-25 20:07:46','2010-11-25 20:07:46'),(82,26,4,1,'2005-02-01 00:00:00','2015-04-30 00:00:00','2010-11-25 20:08:19','2010-11-25 20:08:19'),(83,26,4,1,'2005-09-30 00:00:00','2005-10-31 00:00:00','2010-11-25 20:09:57','2010-11-25 20:09:57'),(84,26,7,1,'2005-05-01 00:00:00','2005-07-31 00:00:00','2010-11-25 20:13:08','2010-11-25 20:13:08'),(85,26,6,1,'2005-11-01 00:00:00','2005-02-28 00:00:00','2010-11-25 20:13:39','2010-11-25 20:13:39'),(86,28,1,1,'2005-01-01 00:00:00','2005-03-31 00:00:00','2010-11-25 20:14:12','2010-11-25 20:14:12'),(87,28,2,1,'2005-03-01 00:00:00','2005-04-30 00:00:00','2010-11-25 20:14:34','2010-11-25 20:14:34'),(88,28,2,1,'2005-08-01 00:00:00','2005-09-30 00:00:00','2010-11-25 20:14:58','2010-11-25 20:14:58'),(89,28,4,1,'2005-02-01 00:00:00','2005-05-31 00:00:00','2010-11-25 20:16:46','2010-11-25 20:16:46'),(90,28,4,1,'2005-09-01 00:00:00','2005-11-30 00:00:00','2010-11-25 20:17:09','2010-11-25 20:17:09'),(91,28,6,1,'2005-02-01 00:00:00','2005-12-31 00:00:00','2010-11-25 20:17:37','2010-11-25 20:17:37'),(92,29,1,1,'2005-06-01 00:00:00','2015-09-30 00:00:00','2010-11-25 20:18:13','2010-11-25 20:18:13'),(93,29,4,1,'2005-07-01 00:00:00','2015-10-31 00:00:00','2010-11-25 20:19:07','2010-11-25 20:19:07'),(94,29,6,1,'2005-11-01 00:00:00','2015-04-30 00:00:00','2010-11-25 20:19:46','2010-11-25 20:19:46'),(95,30,1,1,'2005-01-01 00:00:00','2015-02-28 00:00:00','2010-11-25 20:20:16','2010-11-25 20:20:16'),(96,30,2,1,'2005-03-01 00:00:00','2015-03-31 00:00:00','2010-11-25 20:20:45','2010-11-25 20:20:45'),(97,30,2,1,'2005-08-01 00:00:00','2015-09-30 00:00:00','2010-11-25 20:21:08','2010-11-25 20:21:08'),(98,30,4,1,'2005-03-01 00:00:00','2015-04-30 00:00:00','2010-11-25 20:21:39','2010-11-25 20:21:39'),(99,30,4,1,'2005-09-01 00:00:00','2015-10-31 00:00:00','2010-11-25 20:21:59','2010-11-25 20:21:59'),(100,30,6,1,'2005-10-01 00:00:00','2015-01-31 00:00:00','2010-11-25 20:22:25','2010-11-25 20:22:25'),(101,30,6,1,'2005-04-01 00:00:00','2015-06-30 00:00:00','2010-11-25 20:22:47','2010-11-25 20:22:47'),(102,31,1,1,'2005-02-01 00:00:00','2015-05-31 00:00:00','2010-11-25 20:23:19','2010-11-25 20:23:19'),(103,31,1,1,'2005-08-01 00:00:00','2015-10-31 00:00:00','2010-11-25 20:23:39','2010-11-25 20:23:39'),(104,31,6,1,'2005-03-01 00:00:00','2015-07-31 00:00:00','2010-11-25 20:24:01','2010-11-25 20:24:01'),(105,31,6,1,'2005-08-01 00:00:00','2015-10-31 00:00:00','2010-11-25 20:24:22','2010-11-25 20:24:22'),(106,32,1,1,'2005-02-01 00:00:00','2005-04-30 00:00:00','2010-11-25 20:28:10','2010-11-25 20:28:10'),(107,32,1,1,'2005-09-01 00:00:00','2015-12-31 00:00:00','2010-11-25 20:28:31','2010-11-25 20:28:31'),(108,32,6,1,'2005-12-01 00:00:00','2015-05-31 00:00:00','2010-11-25 20:29:02','2010-11-25 20:29:02'),(109,14,1,1,'2005-08-01 00:00:00','2015-10-31 00:00:00','2010-11-25 20:29:34','2010-11-25 20:29:34'),(110,14,6,1,'2005-10-01 00:00:00','2015-03-31 00:00:00','2010-11-25 20:29:55','2010-11-25 20:29:55'),(111,27,1,1,'2005-03-01 00:00:00','2015-04-30 00:00:00','2010-11-25 20:30:34','2010-11-25 20:30:34'),(112,27,1,1,'2005-08-01 00:00:00','2015-10-31 00:00:00','2010-11-25 20:30:50','2010-11-25 20:30:50'),(113,27,6,1,'2005-04-01 00:00:00','2015-06-30 00:00:00','2010-11-25 20:31:14','2010-11-25 20:31:14'),(114,27,6,1,'2005-10-01 00:00:00','2015-12-31 00:00:00','2010-11-25 20:31:34','2010-11-25 20:31:34');
/*!40000 ALTER TABLE `CropPeriod` ENABLE KEYS */;
UNLOCK TABLES;


-- ****************************
-- Dumping data for table `adob`
--

-- LOCK TABLES `adob` WRITE;
-- /*!40000 ALTER TABLE `adob` DISABLE KEYS */;
-- INSERT INTO `adob` (`id`, `created_at`, `updated_at`) VALUES (1,'2010-10-31 11:00:17','2010-11-21 18:52:56'),(2,'2010-10-31 11:00:17','2010-10-31 11:00:17'),(3,'2010-10-31 11:00:17','2010-10-31 11:00:17');
-- /*!40000 ALTER TABLE `adob` ENABLE KEYS */;
-- UNLOCK TABLES;


-- ****************************
-- Dumping data for table `adob_translation`
--

-- LOCK TABLES `adob_translation` WRITE;
-- /*!40000 ALTER TABLE `adob_translation` DISABLE KEYS */;
-- INSERT INTO `adob_translation` (`id`, `nom`, `descripcio`, `lang`, `slug`) VALUES (1,'Poc exigent','Poc exigent','ca','poc-exigent'),(1,'Less exigent','?','en','less-exigent'),(1,'Poco exigente','?','es','poco-exigente'),(2,'Adob normal','Normal','ca','adob-normal'),(2,'Normal','?','en','normal'),(2,'Abono normal','?','es','abono-normal'),(3,'Exigent','Exigent','ca','exigent'),(3,'Abundant','?','en','abundant'),(3,'Exigente','?','es','exigente');
-- /*!40000 ALTER TABLE `adob_translation` ENABLE KEYS */;
-- UNLOCK TABLES;


-- ****************************
-- Dumping data for table `cicle_de_vida`
--

-- LOCK TABLES `cicle_de_vida` WRITE;
-- /*!40000 ALTER TABLE `cicle_de_vida` DISABLE KEYS */;
-- INSERT INTO `cicle_de_vida` (`id`, `created_at`, `updated_at`) VALUES (1,'2010-10-31 11:00:17','2010-10-31 11:00:17'),(2,'2010-10-31 11:00:18','2010-10-31 11:00:18'),(3,'2010-10-31 11:00:18','2010-10-31 11:00:18'),(4,'2010-11-21 19:13:48','2010-11-21 19:13:48');
-- /*!40000 ALTER TABLE `cicle_de_vida` ENABLE KEYS */;
-- UNLOCK TABLES;


-- ****************************
-- Dumping data for table `cicle_de_vida_translation`
--

-- LOCK TABLES `cicle_de_vida_translation` WRITE;
-- /*!40000 ALTER TABLE `cicle_de_vida_translation` DISABLE KEYS */;
-- INSERT INTO `cicle_de_vida_translation` (`id`, `nom`, `descripcio`, `lang`, `slug`) VALUES (1,'Cicle anual','Anual','ca','cicle-anual'),(1,'Anual cycle','?','en','anual-cycle'),(1,'Ciclo anual','?','es','ciclo-anual'),(2,'Cicle bianual','Bianual','ca','cicle-bianual'),(2,'Bianual cycle','?','en','bianual-cycle'),(2,'Ciclo bianual','?','es','ciclo-bianual'),(3,'Cicle plurianual','Plurianual','ca','cicle-plurianual'),(3,'Plurianual cycle','?','en','plurianual-cycle'),(3,'Ciclo plurianual','?','es','ciclo-plurianual'),(4,'Indefinit','.','ca','indefinit'),(4,'Not defined','?','en','not-defined'),(4,'Indefinido','?','es','indefinido');
-- /*!40000 ALTER TABLE `cicle_de_vida_translation` ENABLE KEYS */;
-- UNLOCK TABLES;


-- ****************************
-- Dumping data for table `clima`
--

-- LOCK TABLES `clima` WRITE;
-- /*!40000 ALTER TABLE `clima` DISABLE KEYS */;
-- INSERT INTO `clima` (`id`, `created_at`, `updated_at`) VALUES (1,'2010-10-31 11:00:17','2010-10-31 11:00:17'),(2,'2010-10-31 11:00:17','2010-10-31 11:00:17'),(3,'2010-10-31 11:00:17','2010-10-31 11:00:17');
-- /*!40000 ALTER TABLE `clima` ENABLE KEYS */;
-- UNLOCK TABLES;


-- ****************************
-- Dumping data for table `clima_translation`
--

-- LOCK TABLES `clima_translation` WRITE;
-- /*!40000 ALTER TABLE `clima_translation` DISABLE KEYS */;
-- INSERT INTO `clima_translation` (`id`, `nom`, `descripcio`, `lang`, `slug`) VALUES (1,'Clid','Clid','ca','calid'),(1,'Warm','?','en','warm'),(1,'Clido','?','es','calido'),(2,'Temperat','Temperat','ca','temperat'),(2,'Temperate','?','en','temperate'),(2,'Templado','?','es','templado'),(3,'Fresc','Fresc','ca','fresc'),(3,'Fresh','?','en','fresh'),(3,'Fresco','?','es','fresco');
-- /*!40000 ALTER TABLE `clima_translation` ENABLE KEYS */;
-- UNLOCK TABLES;



-- ****************************
-- Dumping data for table `familia_vegetals`
--

-- LOCK TABLES `familia_vegetals` WRITE;
-- /*!40000 ALTER TABLE `familia_vegetals` DISABLE KEYS */;
-- INSERT INTO `familia_vegetals` (`id`, `nom_cientific`, `created_at`, `updated_at`) VALUES (1,'Umbrelliferae','2010-10-31 18:34:14','2011-01-30 19:03:31'),(2,'Liliaceae','2010-10-31 18:48:11','2011-01-30 19:06:48'),(3,'Labiatae','2010-11-19 19:36:58','2011-01-30 19:38:25'),(4,'Solanaceae','2010-11-19 19:38:27','2011-01-30 19:00:05'),(5,'Convolvulaceae','2010-11-19 19:40:13','2011-01-30 19:42:48'),(6,'Cucurbitaceae','2010-11-19 19:41:06','2011-01-30 19:24:46'),(7,'Leguminosae - Fabaceae','2010-11-19 19:42:22','2011-01-30 18:35:02'),(8,'Gramineae - Poaceae','2010-11-19 19:44:18','2011-01-30 19:53:34'),(9,'Valerianaceae','2010-11-19 19:45:25','2011-01-30 20:06:02'),(10,'Chenopodiaceae','2010-11-19 20:00:03','2011-01-30 19:13:33'),(11,'Compositae','2010-11-19 20:04:29','2011-01-30 19:33:01'),(12,'Cruciferae','2010-11-19 20:08:34','2011-01-30 18:41:01');
-- /*!40000 ALTER TABLE `familia_vegetals` ENABLE KEYS */;
-- UNLOCK TABLES;


-- ****************************
-- Dumping data for table `familia_vegetals_translation`
--

-- LOCK TABLES `familia_vegetals_translation` WRITE;
-- /*!40000 ALTER TABLE `familia_vegetals_translation` DISABLE KEYS */;
-- INSERT INTO `familia_vegetals_translation` (`id`, `nom`, `descripcio`, `lang`, `slug`) VALUES (1,'Umbrellferes','Sn plantes molt conegudes com a condiments o pels seus valors medicinals. \r\nTenen nombroses i diminutes flors agrupades en tiges radials en forma d\'ombrella.\r\nLes seves llavors germinen amb gran lentitud.\r\n','ca','umbrel-liferes'),(1,'Umbreliferes','?','en','umbreliferes'),(1,'Umbrelferas','?','es','umbreliferas'),(2,'Lilicies','Est formada majoritriament per herbes provedes de bulbs, rizomes o tubercles. especialment tils en els llocs on aquestes plantes ms abunden per la seva capacitat de regeneraci davant de situacions adeverses, com el foc o la sequera.\r\n','ca','liliacies'),(2,'Liliacieds','?','en','liliacieds'),(2,'Lilicias','?','es','liliacias'),(3,'Labiades','Sn fonamentalment herbes i arbustus, molt aromtiques per la presncia de glndules amb olis essencials, responsables de les aromes que els caracteritzen i riques en principis actius. \r\nSn molt estimades en medicina natural i farmacopea.\r\n','ca','labiades'),(3,'Labiads','?','en','labiads'),(3,'Labiadas','?','es','labiadas'),(4,'Solancies','Comprn espcies ombrvoles i tropicals. la majoria de les solancies comestibles procedeixen d\'Amrica central i meridional pel que requereixen un sl molt ric, humit i frtil\r\n\r\n','ca','solanacies'),(4,'Solanacieds','?','en','solanacieds'),(4,'Solancias','?','es','solanacias'),(5,'Convolvulcies','s una famlia de arbusts i arbres, moltes d\'elles enfiladisses. Algunes especies de origen americ es conrean a molts llocs del mn pels seus tubercles.\r\n','ca','convolvulacies'),(5,'Convolvulaciades','?','en','convolvulaciades'),(5,'Convolvulcias','?','es','convolvulacias'),(6,'Cucurbitcies','Est mpliament representada, tant per espcies silvestres com conreades, les quins constitueixen una part important de la dieta bsica. Sn plantes enfiladisses anuals que tenen un gran valor pels seus voluminosos fruits comestibles\r\n','ca','cucurbitacies'),(6,'Cucurbitacieds','?','en','cucurbitacieds'),(6,'Cucurbitcias','?','es','cucurbitacias'),(7,'Lleguminoses','Moltes espcies d\'aquesta famlia tenen gran importncia com aliment hum, proporcionen protenes. Tenen la capacitat de fixar nitrogen en els nduls de les seves arrels.\r\nTotes les plantes de la famlia fabaceae tenen 5 ptals i l\'ovari forma una beina o llegum.','ca','lleguminoses'),(7,'Leguminoses','?','en','leguminoses'),(7,'Leguminosas','?','es','leguminosas'),(8,'Gramnies','As una famlia cosmopolita, que ha conquistat la majoria dels nnxols ecolgics del planeta.\r\nConstitueixen la font d\'alimentaci animal bsica i humana.\r\nPresenten una estructura floral molt caracterstica, agrupant-se les flors en espiguillas!!!!\r\n','ca','graminies'),(8,'Graminieds','?','en','graminieds'),(8,'Gramnias','?','es','graminias'),(9,'Valeriancies','Les plantes de la famlia sn generalment herbcies i amb unes fulles amb olor desagradable. Algunes espcies sn cultivades com ornamentals i d\'altres sn medicinals per induir la relaxaci i la son.','ca','valerianacies'),(9,'Valerianacieds','?','en','valerianacieds'),(9,'Valeriancias','?','es','valerianacias'),(10,'Quenopodicies','Procedeixen de zones costaneres, per aquest motiu les fulles estan cobertes amb una capa de cutina que els permet mantenir la humitat.\r\nProdueixen les seves llavors dins de petits fruits que es mantenen intactes fins a germinar en el sl, ra per la qual les plantes sorgeixen agrupades en massissos.\r\n','ca','quenopodiacies'),(10,'Quenopodiacieds','?','en','quenopodiacieds'),(10,'Quenopodicias','?','es','quenopodiacias'),(11,'Compostes','Inclou moltes espcies conreades. Les flors sn cmuls de nombroses floretas de tal manera que semblen una. \r\nAquesta famlia comprn dos grups importants, el de les amanides: sn plantes de desenvolupament rpid i tija tova i el dels cards: en general necessiten una cocci\r\n','ca','compostes'),(11,'Composted','?','en','composted'),(11,'Compuestas','?','es','compuestas'),(12,'Crucferes','Fora crucferes sn conreades perqu sn comestibles. Necessiten molt poca aigua i estan adaptades per emmagatzemar l\'aigua que reben.\r\nSn biennals, emmagatzemen aliments durant el primer any de vida i en el segon floreixen t donen llavors.\r\n\r\n\r\n','ca','cruciferes'),(12,'Crucifereds','?','en','crucifereds'),(12,'Crucferas','?','es','cruciferas');
-- /*!40000 ALTER TABLE `familia_vegetals_translation` ENABLE KEYS */;
-- UNLOCK TABLES;



-- ****************************
-- Dumping data for table `plaga_malaltia`
--

-- LOCK TABLES `plaga_malaltia` WRITE;
-- /*!40000 ALTER TABLE `plaga_malaltia` DISABLE KEYS */;
-- INSERT INTO `plaga_malaltia` (`id`, `nom_cientific`, `tipus_plaga_malaltia_id`, `created_at`, `updated_at`) VALUES (1,'Aphis brassicae',1,'2011-01-08 18:05:39','2011-01-08 18:15:09'),(2,'Trialeurodes vaporariorum',1,'2011-01-08 18:06:13','2011-01-08 18:22:15'),(3,'Formicidae',1,'2011-01-08 18:06:27','2011-01-08 18:24:48'),(4,'Heliothis armgera',1,'2011-01-08 18:06:48','2011-01-30 12:12:38'),(5,'Trialeurodes vaporariorum',1,'2011-01-08 18:07:03','2011-01-30 12:14:38'),(6,'Ascomicets ericifals',2,'2011-01-08 18:07:41','2011-01-30 12:17:23'),(7,'Familia vaporariorum',2,'2011-01-08 18:08:06','2011-01-30 12:21:37'),(8,'Tetranychus urticae',1,'2011-01-08 18:08:35','2011-01-30 17:22:55'),(9,'Helix Vulgaris',5,'2011-01-08 18:09:31','2011-01-08 18:12:49'),(10,'Limax sp',5,'2011-01-08 18:09:41','2011-01-08 18:14:00'),(11,'',5,'2011-01-08 18:10:09','2011-01-08 18:10:09'),(12,'',5,'2011-01-08 18:10:20','2011-01-08 18:10:20'),(13,'Leptinotarsa decemlineata',1,'2011-01-30 12:30:23','2011-01-30 12:30:23'),(14,'Pieris brassicae',1,'2011-01-30 12:32:00','2011-01-30 12:32:00'),(15,'Thysanoptera',1,'2011-01-30 17:29:45','2011-01-30 17:29:45'),(16,'Venturia inaequalis',2,'2011-01-30 17:35:58','2011-01-30 17:43:36'),(17,'Colletotrichum',2,'2011-01-30 17:42:58','2011-01-30 17:42:58'),(18,'agrotis segetum',1,'2011-01-30 18:14:48','2011-01-30 18:14:48');
-- /*!40000 ALTER TABLE `plaga_malaltia` ENABLE KEYS */;
-- UNLOCK TABLES;


-- ****************************
-- Dumping data for table `plaga_malaltia_translation`
--

-- LOCK TABLES `plaga_malaltia_translation` WRITE;
-- /*!40000 ALTER TABLE `plaga_malaltia_translation` DISABLE KEYS */;
-- INSERT INTO `plaga_malaltia_translation` (`id`, `nom`, `descripcio`, `simptomes`, `consequencies`, `cura`, `lang`, `slug`) VALUES (1,'Pug','','','','','ca','pugo'),(1,'Pugned','','','','','en','pugned'),(1,'Pulgn','','','','','es','pulgon'),(2,'Mosca blanca','','','','','ca','mosca-blanca'),(2,'White fly','','','','','en','white-fly'),(2,'Palomita','','','','','es','palomita'),(3,'Formigues','','','','','ca','formigues'),(3,'Ants','','','','','en','ants'),(3,'Hormigas','','','','','es','hormigas'),(4,'Erugues','','','','','ca','erugues'),(4,'Caterpillar','','','','','en','caterpillar'),(4,'Oruga','','','','','es','oruga'),(5,'Mosques blanques','','','','','ca','mosques-blanques'),(5,'White flies','','','','','en','white-flies'),(5,'Palomitas','','','','','es','palomitas'),(6,'Odi','','','','','ca','oidi'),(6,'Powder mildew','','','','','en','powder-mildew'),(6,'Oidio','','','','','es','oidio'),(7,'Mldiu','','','','','ca','mildiu'),(7,'Mildew','','','','','en','mildew'),(7,'Mildio','','','','','es','mildio'),(8,'Aranya roja','','','','','ca','aranya-roja'),(8,'Red spider','','','','','en','red-spider'),(8,'Araa roja','','','','','es','arana-roja'),(9,'Cargols','','','','','ca','cargols'),(9,'Screws','','','','','en','screws'),(9,'Caracloes','','','','','es','caracloes'),(10,'Llimacs','','','','','ca','llimacs'),(10,'Slugs','','','','','en','slugs'),(10,'Babosas','','','','','es','babosas'),(11,'Ocells','','','','','ca','ocells'),(11,'Birds','','','','','en','birds'),(11,'Pjaros','','','','','es','pajaros'),(12,'Gats','','','','','ca','gats'),(12,'Cats','','','','','en','cats'),(12,'Gatos','','','','','es','gatos'),(13,'Escarabat de la patata','','','','','ca','escarabat-de-la-patata'),(13,'Colorado potato beetle','','','','','en','colorado-potato-beetle'),(13,'Escarabajo de la patata','','','','','es','escarabajo-de-la-patata'),(14,'Papallona de la col','','','','','ca','papallona-de-la-col'),(14,'Butterfly co','','','','','en','butterfly-co'),(14,'Mariposa de la col','','','','','es','mariposa-de-la-col'),(15,'Tisanpters','Solen ser de color marr o negre.','','','','ca','tisanopters'),(15,'Tisanopterus','Solen ser de color marr o negre.','','','','en','tisanopterus'),(15,'Tisanpteros','Solen ser de color marr o negre.','','','','es','tisanopteros'),(16,'Clapejat','Malaltia dorgen fngic ','','','','ca','clapejat'),(16,'Mottle','Malaltia dorgen fngic ','','','','en','mottle'),(16,'Moteado','Malaltia dorgen fngic ','','','','es','moteado'),(17,'Antracnosi','Malaltia dorgen fngic ','Aparici de taques negroses, ja sigui a les fulles com en el conjunt de la planta.','','','ca','antracnosi'),(17,'Anthracnose','Malaltia dorgen fngic ','Aparici de taques negroses, ja sigui a les fulles com en el conjunt de la planta.','','','en','anthracnose'),(17,'Antracnosis','Malaltia dorgen fngic ','Aparici de taques negroses, ja sigui a les fulles com en el conjunt de la planta.','','','es','antracnosis'),(18,'Cuc gris','','','','','ca','cuc-gris'),(18,'Worm - gray cutter','','','','','en','worm-gray-cutter'),(18,'Cortador','','','','','es','cortador');
-- /*!40000 ALTER TABLE `plaga_malaltia_translation` ENABLE KEYS */;
-- UNLOCK TABLES;


-- ****************************
-- Dumping data for table `rec`
--

-- LOCK TABLES `rec` WRITE;
-- /*!40000 ALTER TABLE `rec` DISABLE KEYS */;
-- INSERT INTO `rec` (`id`, `created_at`, `updated_at`) VALUES (1,'2010-10-31 11:00:17','2010-11-21 18:52:17'),(2,'2010-10-31 11:00:17','2010-10-31 11:00:17'),(3,'2010-10-31 11:00:17','2010-10-31 11:00:17');
-- /*!40000 ALTER TABLE `rec` ENABLE KEYS */;
-- UNLOCK TABLES;


-- ****************************
-- Dumping data for table `rec_translation`
--

-- LOCK TABLES `rec_translation` WRITE;
-- /*!40000 ALTER TABLE `rec_translation` DISABLE KEYS */;
-- INSERT INTO `rec_translation` (`id`, `nom`, `descripcio`, `lang`, `slug`) VALUES (1,'Poc exigent','Poc exigent','ca','poc-exigent'),(1,'Less exigent','?','en','less-exigent'),(1,'Poco exigent','?','es','poco-exigent'),(2,'Rec normal','Normal','ca','rec-normal'),(2,'Normal','?','en','normal'),(2,'Riego normal','?','es','riego-normal'),(3,'Abundant','Abundant','ca','abundant'),(3,'Plenty','?','en','plenty'),(3,'Abundante','?','es','abundante');
-- /*!40000 ALTER TABLE `rec_translation` ENABLE KEYS */;
-- UNLOCK TABLES;


-- ****************************
-- Dumping data for table `regio`
--

-- LOCK TABLES `regio` WRITE;
-- /*!40000 ALTER TABLE `regio` DISABLE KEYS */;
-- INSERT INTO `regio` (`id`, `created_at`, `updated_at`) VALUES (1,'2010-10-31 11:00:16','2010-10-31 11:00:16');
-- /*!40000 ALTER TABLE `regio` ENABLE KEYS */;
-- UNLOCK TABLES;


-- ****************************
-- Dumping data for table `regio_translation`
--

-- LOCK TABLES `regio_translation` WRITE;
-- /*!40000 ALTER TABLE `regio_translation` DISABLE KEYS */;
-- INSERT INTO `regio_translation` (`id`, `nom`, `descripcio`, `lang`, `slug`) VALUES (1,'Barcelona','rea metropolitana de Barcelona','ca','barcelona'),(1,'Barcelona area','Barcelona city area','en','barcelona-area'),(1,'rea de Barcelona','rea metropolitana de Barcelona','es','area-de-barcelona');
-- /*!40000 ALTER TABLE `regio_translation` ENABLE KEYS */;
-- UNLOCK TABLES;


-- ****************************
-- Dumping data for table `resistencia_gelades`
--

-- LOCK TABLES `resistencia_gelades` WRITE;
-- /*!40000 ALTER TABLE `resistencia_gelades` DISABLE KEYS */;
-- INSERT INTO `resistencia_gelades` (`id`, `created_at`, `updated_at`) VALUES (1,'2010-10-31 11:00:17','2010-11-21 18:52:56'),(2,'2010-10-31 11:00:17','2010-10-31 11:00:17'),(3,'2010-10-31 11:00:17','2010-10-31 11:00:17');
-- /*!40000 ALTER TABLE `resistencia_gelades` ENABLE KEYS */;
-- UNLOCK TABLES;


-- ****************************
-- Dumping data for table `resistencia_gelades_translation`
--

-- LOCK TABLES `resistencia_gelades_translation` WRITE;
-- /*!40000 ALTER TABLE `resistencia_gelades_translation` DISABLE KEYS */;
-- INSERT INTO `resistencia_gelades_translation` (`id`, `nom`, `descripcio`, `lang`, `slug`) VALUES (1,'Cap','Cap','ca','cap'),(1,'Nothing','?','en','nothing'),(1,'Ninguna','?','es','ninguna'),(2,'Mitjana','Mitjana','ca','mitjana'),(2,'Normal','?','en','normal'),(2,'Media','?','es','media'),(3,'Molt','Molt resistent','ca','molt'),(3,'High','?','en','high'),(3,'Mucho','?','es','mucho');
-- /*!40000 ALTER TABLE `resistencia_gelades_translation` ENABLE KEYS */;
-- UNLOCK TABLES;


-- ****************************
-- Dumping data for table `sol`
--

-- LOCK TABLES `sol` WRITE;
-- /*!40000 ALTER TABLE `sol` DISABLE KEYS */;
-- INSERT INTO `sol` (`id`, `created_at`, `updated_at`) VALUES (1,'2010-10-31 11:00:17','2010-10-31 11:00:17'),(2,'2010-10-31 11:00:17','2010-10-31 11:00:17'),(3,'2010-10-31 11:00:17','2010-10-31 11:00:17');
-- /*!40000 ALTER TABLE `sol` ENABLE KEYS */;
-- UNLOCK TABLES;


-- ****************************
-- Dumping data for table `sol_translation`
--

-- LOCK TABLES `sol_translation` WRITE;
-- /*!40000 ALTER TABLE `sol_translation` DISABLE KEYS */;
-- INSERT INTO `sol_translation` (`id`, `nom`, `descripcio`, `lang`, `slug`) VALUES (1,'Pobre','Pobre','ca','pobre'),(1,'Poor','?','en','poor'),(1,'Simple','?','es','simple'),(2,'Terra normal','Normal','ca','terra-normal'),(2,'Normal soil','?','en','normal-soil'),(2,'Tierra normal','?','es','tierra-normal'),(3,'Ric','Ric','ca','ric'),(3,'Rich','?','en','rich'),(3,'Rico','?','es','rico');
-- /*!40000 ALTER TABLE `sol_translation` ENABLE KEYS */;
-- UNLOCK TABLES;


-- ****************************
-- Dumping data for table `tipus_periode_cultiu`
--

-- LOCK TABLES `tipus_periode_cultiu` WRITE;
-- /*!40000 ALTER TABLE `tipus_periode_cultiu` DISABLE KEYS */;
-- INSERT INTO `tipus_periode_cultiu` (`id`, `created_at`, `updated_at`) VALUES (1,'2010-10-31 11:00:16','2010-10-31 11:00:16'),(2,'2010-10-31 11:00:16','2010-10-31 11:00:16'),(3,'2010-10-31 11:00:16','2010-10-31 11:00:16'),(4,'2010-10-31 11:00:16','2010-10-31 11:00:16'),(5,'2010-10-31 11:00:17','2010-10-31 11:00:17'),(6,'2010-10-31 11:00:17','2010-11-25 20:11:51'),(7,'2010-11-25 20:11:30','2010-11-25 20:11:30');
-- /*!40000 ALTER TABLE `tipus_periode_cultiu` ENABLE KEYS */;
-- UNLOCK TABLES;


-- ****************************
-- Dumping data for table `tipus_periode_cultiu_translation`
--

-- LOCK TABLES `tipus_periode_cultiu_translation` WRITE;
-- /*!40000 ALTER TABLE `tipus_periode_cultiu_translation` DISABLE KEYS */;
-- INSERT INTO `tipus_periode_cultiu_translation` (`id`, `nom`, `descripcio`, `lang`, `slug`) VALUES (1,'Sembra protegida','Sembra protegida','ca','sembra-protegida'),(1,'Protected plant','?','en','protected-plant'),(1,'Siembra protegida','?','es','siembra-protegida'),(2,'Sembra a l\'aire lliure','Sembra a l\'aire lliure','ca','sembra-a-l-aire-lliure'),(2,'Open air plant','?','en','open-air-plant'),(2,'Siembra al aire livre','?','es','siembra-al-aire-livre'),(3,'Brot','Brot de les plantes','ca','brot'),(3,'Brotus','?','en','brotus'),(3,'Brotar','?','es','brotar'),(4,'Transplantament','Transplantament','ca','transplantament'),(4,'Transplant','?','en','transplant'),(4,'Transplantamiento','?','es','transplantamiento'),(5,'Divisi','Divisio','ca','divisio'),(5,'Separation','?','en','separation'),(5,'Divisin','?','es','division'),(6,'Collita tendra','Collita tendra','ca','collita-tendra'),(6,'Green collect','?','en','green-collect'),(6,'Cosecha tierna','?','es','cosecha-tierna'),(7,'Collita seca','Collita seca','ca','collita-seca'),(7,'Yellow collect','?','en','yellow-collect'),(7,'Cosecha seca','?','es','cosecha-seca');
-- /*!40000 ALTER TABLE `tipus_periode_cultiu_translation` ENABLE KEYS */;
-- UNLOCK TABLES;


-- ****************************
-- Dumping data for table `tipus_plaga_malaltia`
--

-- LOCK TABLES `tipus_plaga_malaltia` WRITE;
-- /*!40000 ALTER TABLE `tipus_plaga_malaltia` DISABLE KEYS */;
-- INSERT INTO `tipus_plaga_malaltia` (`id`, `nom_cientific`, `created_at`, `updated_at`) VALUES (1,'','2011-01-09 19:29:40','2011-01-09 19:29:40'),(2,'','2011-01-09 19:29:40','2011-01-09 19:29:40'),(3,'','2011-01-09 19:29:40','2011-01-09 19:29:40'),(4,'','2011-01-09 19:29:40','2011-01-09 19:29:40'),(5,'','2011-01-09 19:29:40','2011-01-09 19:29:40');
-- /*!40000 ALTER TABLE `tipus_plaga_malaltia` ENABLE KEYS */;
-- UNLOCK TABLES;


-- ****************************
-- Dumping data for table `tipus_plaga_malaltia_translation`
--

-- LOCK TABLES `tipus_plaga_malaltia_translation` WRITE;
-- /*!40000 ALTER TABLE `tipus_plaga_malaltia_translation` DISABLE KEYS */;
-- INSERT INTO `tipus_plaga_malaltia_translation` (`id`, `nom`, `descripcio`, `lang`, `slug`) VALUES (1,'Insectes','Insectes','ca','insectes'),(1,'Insects','?','en','insects'),(1,'Insectos','?','es','insectos'),(2,'Fongs','Fongs','ca','fongs'),(2,'Fungi','?','en','fungi'),(2,'Hongos','?','es','hongos'),(3,'Acars','Acars','ca','acars'),(3,'Acarus','?','en','acarus'),(3,'Acaros','?','es','acaros'),(4,'Bacteris','Bacteris','ca','bacteris'),(4,'Bacteria','?','en','bacteria'),(4,'Bacterias','?','es','bacterias'),(5,'Altres','Altres','ca','altres'),(5,'Other','?','en','other'),(5,'Otros','?','es','otros');
-- /*!40000 ALTER TABLE `tipus_plaga_malaltia_translation` ENABLE KEYS */;
-- UNLOCK TABLES;


-- ****************************
-- Dumping data for table `tipus_zona`
--

-- LOCK TABLES `tipus_zona` WRITE;
-- /*!40000 ALTER TABLE `tipus_zona` DISABLE KEYS */;
-- INSERT INTO `tipus_zona` (`id`, `created_at`, `updated_at`) VALUES (1,'2010-10-31 11:00:16','2010-10-31 11:00:16'),(2,'2010-10-31 11:00:16','2010-10-31 11:00:16'),(3,'2010-10-31 11:00:16','2010-10-31 11:00:16');
-- /*!40000 ALTER TABLE `tipus_zona` ENABLE KEYS */;
-- UNLOCK TABLES;


-- ****************************
-- Dumping data for table `tipus_zona_translation`
--

-- LOCK TABLES `tipus_zona_translation` WRITE;
-- /*!40000 ALTER TABLE `tipus_zona_translation` DISABLE KEYS */;
-- INSERT INTO `tipus_zona_translation` (`id`, `nom`, `descripcio`, `lang`, `slug`) VALUES (1,'Hort','Hort fet a terra','ca','hort'),(1,'Field','Ground field','en','field'),(1,'Huerto','Huerto hecho en la tierra','es','huerto'),(2,'Test','Test a on es planten hortalisses','ca','test'),(2,'Pot','?','en','pot'),(2,'Tiesto','Tiesto','es','tiesto'),(3,'Taula de plantaci','Taula de plantaci','ca','taula-de-plantacio'),(3,'Table','?','en','table'),(3,'Mesa de plantacin','Mesa de plantacin','es','mesa-de-plantacion');
-- /*!40000 ALTER TABLE `tipus_zona_translation` ENABLE KEYS */;
-- UNLOCK TABLES;

-- ****************************
-- Dumping data for table `tolerancia_salinitat`
--

-- LOCK TABLES `tolerancia_salinitat` WRITE;
-- /*!40000 ALTER TABLE `tolerancia_salinitat` DISABLE KEYS */;
-- INSERT INTO `tolerancia_salinitat` (`id`, `created_at`, `updated_at`) VALUES (1,'2010-10-31 11:00:17','2010-11-21 18:52:56'),(2,'2010-10-31 11:00:17','2010-10-31 11:00:17'),(3,'2010-10-31 11:00:17','2010-10-31 11:00:17');
-- /*!40000 ALTER TABLE `tolerancia_salinitat` ENABLE KEYS */;
-- UNLOCK TABLES;

-- ****************************
-- Dumping data for table `tolerancia_salinitat_translation`
--

-- LOCK TABLES `tolerancia_salinitat_translation` WRITE;
-- /*!40000 ALTER TABLE `tolerancia_salinitat_translation` DISABLE KEYS */;
-- INSERT INTO `tolerancia_salinitat_translation` (`id`, `nom`, `descripcio`, `lang`, `slug`) VALUES (1,'Cap','Cap','ca','cap'),(1,'Nothing','?','en','nothing'),(1,'Ninguna','?','es','ninguna'),(2,'Mitjana','Mitjana','ca','mitjana'),(2,'Normal','?','en','normal'),(2,'Media','?','es','media'),(3,'Molt','Molt resistent','ca','molt'),(3,'High','?','en','high'),(3,'Mucho','?','es','mucho');
-- /*!40000 ALTER TABLE `tolerancia_salinitat_translation` ENABLE KEYS */;
-- UNLOCK TABLES;


-- ****************************
-- Dumping data for table `vegetal`
--

-- LOCK TABLES `vegetal` WRITE;
-- /*!40000 ALTER TABLE `vegetal` DISABLE KEYS */;
-- INSERT INTO `vegetal` (`id`, `nom_cientific`, `familia_id`, `productivitat`, `marc_de_plantacio_x`, `marc_de_plantacio_y`, `volum_de_terra`, `preferencia_de_sol_id`, `preferencia_climatica_id`, `rec_id`, `adob_id`, `cicle_de_vida_id`, `profunditat_arrel`, `altura`, `profunditat_sembra`, `ph_minim`, `ph_maxim`, `temperatura_minima`, `temperatura_maxima`, `resistencia_gelades_id`, `tolerancia_salinitat_id`, `created_at`, `updated_at`) VALUES (1,'Allium sativum',2,3,200,200,3,2,2,1,1,2,0,0,0,0,0,0,0,2,2,'0000-00-00 00:00:00','2010-12-12 18:55:52'),(2,'Petroselinum sativum',1,1,100,50,5,2,2,2,2,2,0,0,0,0,0,0,0,1,2,'2010-10-31 18:36:10','2010-11-21 18:28:18'),(3,'Allium porrum',2,6,300,100,4,2,2,2,2,2,0,0,0,0,0,0,0,2,2,'2010-10-31 18:49:59','2010-11-21 18:31:39'),(4,'Ocimum basilicum',3,3,100,100,5,3,1,1,2,1,0,0,0,0,0,0,0,1,2,'2010-11-20 19:33:11','2010-11-20 19:33:11'),(5,'Solanum melongena',4,20,500,500,30,3,1,2,2,3,0,0,0,0,0,0,0,1,2,'2010-11-20 19:38:17','2010-11-20 19:38:17'),(6,'Ipomoea batatas',5,2,800,300,10,2,2,3,3,1,0,0,0,0,0,0,0,1,2,'2010-11-20 19:48:48','2010-11-20 19:48:48'),(7,'Cucurbita pepo',6,20,1000,600,40,3,1,3,3,3,0,0,0,0,0,0,0,1,2,'2010-11-20 20:00:33','2010-11-20 20:00:33'),(8,'Cucurbita ',6,10,1200,600,60,3,1,3,2,1,0,0,0,0,0,0,0,1,2,'2010-11-20 20:05:20','2010-11-20 20:05:20'),(9,'Phaseolus vulgaris',7,2,500,600,15,1,2,3,1,1,0,0,0,0,0,0,0,1,2,'2010-11-20 20:10:48','2010-11-20 20:10:48'),(10,'Zea mays',8,3,700,300,10,3,1,3,3,1,0,0,0,0,0,0,0,1,2,'2010-11-20 20:13:05','2010-11-20 20:13:05'),(11,'Cucumis melo',6,6,1000,500,30,1,1,2,2,1,0,0,0,0,0,0,0,1,2,'2010-11-20 20:16:42','2010-11-20 20:16:42'),(12,'Cucumis sativus',6,25,1000,500,20,2,1,2,2,1,0,0,0,0,0,0,0,1,2,'2010-11-20 20:21:36','2010-11-20 20:21:36'),(13,'Capsicum annuum',4,10,500,400,15,3,1,2,2,1,0,0,0,0,0,0,0,1,2,'2010-11-20 20:44:32','2010-11-20 20:44:32'),(14,'Valerianella locusta',9,2,200,200,1,2,3,3,2,1,0,0,0,0,0,0,0,2,2,'2010-11-20 20:48:46','2010-11-20 20:48:46'),(15,'Citrullus vulgaris',6,8,1000,500,40,2,1,3,2,1,0,0,0,0,0,0,0,1,2,'2010-11-20 20:51:23','2010-11-20 20:51:23'),(16,'Lycopersicum esculentum',4,20,500,300,20,3,1,2,2,1,0,0,0,0,0,0,0,1,2,'2010-11-20 20:57:18','2010-11-20 20:57:18'),(17,'Beta vulgaris',10,15,400,300,25,2,2,2,2,2,0,0,0,0,0,0,0,2,2,'2010-11-20 21:00:41','2010-11-20 21:00:41'),(18,'Apium graveolens',1,12,400,300,10,2,2,2,3,2,0,0,0,0,0,0,0,2,2,'2010-11-20 21:02:46','2010-11-20 21:02:46'),(19,'Spinacia oleracea',10,15,200,120,25,2,2,2,3,1,0,0,0,0,0,0,0,1,2,'2010-11-20 21:04:43','2010-11-20 21:04:43'),(20,'Lactuca sativa',11,8,300,200,3,2,2,2,2,1,0,0,0,0,0,0,0,2,2,'2010-11-21 18:15:13','2010-11-21 18:15:13'),(21,'Solanum tuberosum',4,3,700,300,10,2,2,2,3,1,0,0,0,0,0,0,0,1,2,'2010-11-21 18:23:08','2010-11-21 18:23:08'),(22,'Raphanus sativus',12,2,100,50,1,2,2,2,2,1,0,0,0,0,0,0,0,3,2,'2010-11-21 18:34:25','2010-11-21 18:34:25'),(23,'Beta vulgaris ',10,4,300,200,4,2,2,2,2,2,0,0,0,0,0,0,0,2,2,'2010-11-21 18:38:16','2010-11-21 18:38:16'),(24,'Eruca vesicaria',12,3,100,100,1,2,2,2,1,1,0,0,0,0,0,0,0,2,2,'2010-11-21 18:47:37','2010-11-21 18:47:37'),(25,'Daucus carota',1,5,200,50,2,2,2,2,2,2,0,0,0,0,0,0,0,2,2,'2010-11-21 18:49:25','2010-11-21 18:49:25'),(26,'Allium cepa',2,15,200,100,3,2,2,2,2,2,0,0,0,0,0,0,0,2,2,'2010-11-21 18:56:36','2010-11-21 18:56:36'),(27,'Brassica napus',12,5,150,150,3,2,3,2,2,2,0,0,0,0,0,0,0,2,2,'2010-11-21 18:59:42','2010-11-21 18:59:42'),(28,'Brassica oleracea capitata',12,8,600,400,25,2,2,2,2,2,0,0,0,0,0,0,0,2,2,'2010-11-21 19:05:31','2010-11-21 19:05:31'),(29,'Brassica oleracea botrytis',12,5,600,400,15,2,3,2,2,1,0,0,0,0,0,0,0,2,2,'2010-11-21 19:12:40','2010-11-21 19:12:40'),(30,'Cichorium endivia',11,5,400,300,4,2,3,2,2,4,0,0,0,0,0,0,0,3,2,'2010-11-21 19:17:32','2010-11-21 19:17:32'),(31,'Pisum sativum',7,1,500,400,5,2,3,2,1,1,0,0,0,0,0,0,0,2,2,'2010-11-21 19:19:32','2010-11-21 19:19:32'),(32,'Vicia fava',7,2,500,300,5,2,3,3,1,1,0,0,0,0,0,0,0,3,2,'2010-11-21 19:21:23','2010-11-21 19:21:23');
-- /*!40000 ALTER TABLE `vegetal` ENABLE KEYS */;
-- UNLOCK TABLES;


-- ****************************
-- Dumping data for table `vegetal_translation`
--

-- LOCK TABLES `vegetal_translation` WRITE;
-- /*!40000 ALTER TABLE `vegetal_translation` DISABLE KEYS */;
-- INSERT INTO `vegetal_translation` (`id`, `nom`, `descripcio`, `lang`, `slug`) VALUES (1,'All','','ca','all'),(1,'Garlic','','en','garlic'),(1,'Ajo','','es','ajo'),(2,'Julivert','','ca','julivert'),(2,'Parsley','','en','parsley'),(2,'Perejil','','es','perejil'),(3,'Porro','','ca','porro'),(3,'Leek','','en','leek'),(3,'Puerro','','es','puerro'),(4,'Alfbrega','','ca','alfabrega'),(4,'Basil','','en','basil'),(4,'Albahaca','','es','albahaca'),(5,'Albergnia','','ca','alberginia'),(5,'Eggplant','','en','eggplant'),(5,'Berenjena','','es','berenjena'),(6,'Moniato','','ca','moniato'),(6,'Ipomoea batatas','','en','ipomoea-batatas'),(6,'Boniato','','es','boniato'),(7,'Carbass','','ca','carbasso'),(7,'Zucchini','','en','zucchini'),(7,'Calabacn','','es','calabacin'),(8,'Carbassa','','ca','carbassa'),(8,'Pumkin','','en','pumkin'),(8,'Calabaza','','es','calabaza'),(9,'Mongeta','','ca','mongeta'),(9,'Bean','','en','bean'),(9,'Alubias','','es','alubias'),(10,'Blat de moro','','ca','blat-de-moro'),(10,'Corn','','en','corn'),(10,'Maiz','','es','maiz'),(11,'Melons','','ca','melons'),(11,'Melon','','en','melon'),(11,'Melones','','es','melones'),(12,'Cogombre','','ca','cogombre'),(12,'Cucumber','','en','cucumber'),(12,'Pepino','','es','pepino'),(13,'Pebrot','','ca','pebrot'),(13,'Pepper','','en','pepper'),(13,'Pimiento','','es','pimiento'),(14,'Herba dels canonges','','ca','herba-dels-canonges'),(14,'Herb of the canons','','en','herb-of-the-canons'),(14,'Canonigos','','es','canonigos'),(15,'Sindria','','ca','sindria'),(15,'Watermelon','','en','watermelon'),(15,'Sandia','','es','sandia'),(16,'Tomquet','','ca','tomaquet'),(16,'Tomato','','en','tomato'),(16,'Tomate','','es','tomate'),(17,'Bleda','','ca','bleda'),(17,'Chard','','en','chard'),(17,'Acelga','','es','acelga'),(18,'Api','','ca','api'),(18,'Apium','','en','apium'),(18,'Apio','','es','apio'),(19,'Espinacs','','ca','espinacs'),(19,'Spinach','','en','spinach'),(19,'Espinacas','','es','espinacas'),(20,'Enciam','','ca','enciam'),(20,'Lettuce','','en','lettuce'),(20,'Lechuga','','es','lechuga'),(21,'Patates','','ca','patates'),(21,'Potatoes','','en','potatoes'),(21,'Patatas','','es','patatas'),(22,'Rave','','ca','rave'),(22,'Radish','','en','radish'),(22,'Rabano','','es','rabano'),(23,'Remolatxa','','ca','remolatxa'),(23,'Beet','','en','beet'),(23,'Remolacha','','es','remolacha'),(24,'Ruca','','ca','ruca'),(24,'Ruca?','','en','ruca'),(24,'Rcula','','es','rucula'),(25,'Pastanaga','','ca','pastanaga'),(25,'Carrot','','en','carrot'),(25,'Zanahoria','','es','zanahoria'),(26,'Ceba','','ca','ceba'),(26,'Onion','','en','onion'),(26,'Cebolla','','es','cebolla'),(27,'Nap','','ca','nap'),(27,'Nap?','','en','nap'),(27,'Nabo','','es','nabo'),(28,'Col de Cabdell','','ca','col-de-cabdell'),(28,'Cabbage','','en','cabbage'),(28,'Col','','es','col'),(29,'Coliflors','','ca','coliflors'),(29,'Cauliflower','','en','cauliflower'),(29,'Coliflores','','es','coliflores'),(30,'Escaroles','','ca','escaroles'),(30,'Endives','','en','endives'),(30,'Escarolas','','es','escarolas'),(31,'Psol','','ca','pesol'),(31,'Pea','','en','pea'),(31,'Alberja o guisante','','es','alberja-o-guisante'),(32,'Fava','','ca','fava'),(32,'Fava?','','en','fava'),(32,'Haba','','es','haba');
-- /*!40000 ALTER TABLE `vegetal_translation` ENABLE KEYS */;
-- UNLOCK TABLES;
